-- phpMyAdmin SQL Dump
-- version 5.0.4
-- https://www.phpmyadmin.net/
--
-- Host: localhost
-- Generation Time: Jul 26, 2021 at 06:22 AM
-- Server version: 8.0.25-0ubuntu0.20.04.1
-- PHP Version: 7.4.13

SET SQL_MODE = "NO_AUTO_VALUE_ON_ZERO";
START TRANSACTION;
SET time_zone = "+00:00";


/*!40101 SET @OLD_CHARACTER_SET_CLIENT=@@CHARACTER_SET_CLIENT */;
/*!40101 SET @OLD_CHARACTER_SET_RESULTS=@@CHARACTER_SET_RESULTS */;
/*!40101 SET @OLD_COLLATION_CONNECTION=@@COLLATION_CONNECTION */;
/*!40101 SET NAMES utf8mb4 */;

--
-- Database: `db_skp_kedawung2019`
--

-- --------------------------------------------------------

--
-- Table structure for table `aspek_penilaian`
--

CREATE TABLE `aspek_penilaian` (
  `id` int NOT NULL,
  `nama_indikator` varchar(100) NOT NULL,
  `nilai_min` int NOT NULL,
  `nilai_max` int NOT NULL,
  `keterangan` text
) ENGINE=InnoDB DEFAULT CHARSET=latin1;

--
-- Dumping data for table `aspek_penilaian`
--

INSERT INTO `aspek_penilaian` (`id`, `nama_indikator`, `nilai_min`, `nilai_max`, `keterangan`) VALUES
(3, 'Kehadiran Guru Tepat Waktu', 1, 5, 'Kehadiran'),
(4, 'Penguasaan Materi Ajar', 1, 5, ''),
(5, 'Cara mengajar', 1, 5, 'Cara guru menjelaskan materi'),
(6, 'Penggunaan media/alat mengajar', 1, 5, 'Penggunaan alat/media untuk keberlangsungan proses belajar'),
(7, 'Kejelasan dalam berbicara', 1, 5, ''),
(8, 'Pemberian Motivasi', 1, 5, ''),
(9, 'Perhatian kepada peserta didik', 1, 5, ''),
(10, 'Menciptakan suasana belajar yang tenang menyenangkan', 1, 5, ''),
(11, 'Penampilan diri', 1, 5, '');

-- --------------------------------------------------------

--
-- Table structure for table `guru`
--

CREATE TABLE `guru` (
  `id` int NOT NULL,
  `kode` varchar(30) NOT NULL,
  `nama` varchar(150) NOT NULL,
  `jk` enum('L','P') NOT NULL,
  `telpon` varchar(20) NOT NULL,
  `alamat` text NOT NULL
) ENGINE=InnoDB DEFAULT CHARSET=latin1;

--
-- Dumping data for table `guru`
--

INSERT INTO `guru` (`id`, `kode`, `nama`, `jk`, `telpon`, `alamat`) VALUES
(1, 'GR-0001', 'Acep Johani, S.Sn.', 'L', '', ''),
(2, 'GR-0002', 'Aisah, S.Pd', 'P', '', ''),
(3, 'GR-0003', 'Drs. Ajat Sudrajat, M.MPd', 'L', '', ''),
(4, 'GR-0004', 'Dra. Ambar Sri Yuni Astuti', 'P', '', ''),
(5, 'GR-0005', 'Arief Zuhud Romdhon, S.Pd.', 'L', '', ''),
(6, 'GR-0006', 'Drs. Arif Janani', 'L', '', ''),
(7, 'GR-0007', 'Arif Pratomo, S.Pd.', 'L', '', ''),
(8, 'GR-0008', 'Arin Apriana Bahtar, S.Pd.', 'L', '', ''),
(9, 'GR-0009', 'Asep Taufik, S.Pd., MM', 'L', '', ''),
(10, 'GR-0010', 'Drs. Beni Sudiatman', 'L', '', ''),
(11, 'GR-0011', 'Betty Setiawati, S.Pd', 'P', '', ''),
(12, 'GR-0012', 'Budijaya, S.Pd', 'L', '', ''),
(13, 'GR-0013', 'Drs. Budiyono, M.MPd', 'L', '', ''),
(14, 'GR-0014', 'Candra Hidayat, S.Pd., M.Pd.', 'L', '', ''),
(15, 'GR-0015', 'Dedeh Darliah, S.Pd', 'P', '', ''),
(16, 'GR-0016', 'Deden Badruzzaman, S.Pd.', 'L', '', ''),
(17, 'GR-0017', 'Delina, S.Pd.', 'P', '', ''),
(18, 'GR-0018', 'Devi Setiawati, S.Pd.', 'P', '', ''),
(19, 'GR-0019', 'Dian Minarsih, S.Pd.', 'P', '', ''),
(20, 'GR-0020', 'Dony Angga Permana, S.Pd.', 'L', '', ''),
(21, 'GR-0021', 'Drs. Dulman', 'L', '', ''),
(22, 'GR-0022', 'Dwi Ika Dewi, S.Pd.', 'P', '', ''),
(23, 'GR-0023', 'Eha Sulaeha, S.Pd.', 'P', '', ''),
(24, 'GR-0024', 'Dra. Eros Rostika', 'P', '', ''),
(25, 'GR-0025', 'Dra. E. Emmi Ambarwati', 'P', '', ''),
(26, 'GR-0026', 'Eva Fauziah, S.Pd.', 'P', '', ''),
(27, 'GR-0027', 'Evi Rahayu, S.Pd.', 'P', '', ''),
(28, 'GR-0028', 'Fajriyan Megawati Azani, S.Pd.', 'P', '', ''),
(29, 'GR-0029', 'Dr. H. Koswara Ma\'mun, M.Pd', 'L', '', ''),
(31, 'GR-0031', 'H. Suprapto, S.Pd.', 'L', '', ''),
(32, 'GR-0032', 'Harry Gunawan, M.Kom.', 'L', '', ''),
(33, 'GR-0033', 'Dra. Hasih Nurlaeli', 'P', '', ''),
(34, 'GR-0034', 'Hena, S.Pd.', 'P', '', ''),
(35, 'GR-0035', 'Dra. Hj. Aam', 'P', '', ''),
(36, 'GR-0036', 'Dra. Hj. Endah Widiawati', 'P', '', ''),
(37, 'GR-0037', 'Hj. Ratna Gayatri, S.Pd.', 'P', '', ''),
(38, 'GR-0038', 'Hj. Saenah, SE., M.Pd.', 'P', '', ''),
(39, 'GR-0039', 'Hj. Sueri Susilawati, S.Pd.', 'P', '', ''),
(40, 'GR-0040', 'Dra. Hj. Suherminah', 'P', '', ''),
(41, 'GR-0041', 'Hj. Yani Turyani, S.Pd.', 'P', '', ''),
(42, 'GR-0042', 'Iin Indawati, S.Pd.', 'P', '', ''),
(43, 'GR-0043', 'Iis Komariyah, S.Pd.', 'P', '', ''),
(44, 'GR-0044', 'Ilah Nurlelah, S.Pd.', 'P', '', ''),
(45, 'GR-0045', 'Indah Soliha, S.PT.', 'P', '', ''),
(46, 'GR-0046', 'Drs. Iskandar', 'L', '', ''),
(47, 'GR-0047', 'Dra. Ismawati', 'P', '', ''),
(48, 'GR-0048', 'Juharna Hardianto, S.Kom.', 'L', '', ''),
(49, 'GR-0049', 'Drs. H. Kadina Iskhak Saputra', 'L', '', ''),
(50, 'GR-0050', 'Kurwati, S.Pd.', 'P', '', ''),
(51, 'GR-0051', 'Kusniawati, S.S', 'P', '', ''),
(52, 'GR-0052', 'Lestari, S.Pd.', 'P', '', ''),
(53, 'GR-0053', 'Lilis Liza Yuliawati, S.Pd.', 'P', '', ''),
(54, 'GR-0054', 'Lukman Hakim, S.Pd.', 'L', '', ''),
(55, 'GR-0055', 'Lulu Rahayu, S.Pd.', 'P', '', ''),
(56, 'GR-0056', 'Drs. Maman Sukmana, SH', 'L', '', ''),
(57, 'GR-0057', 'Drs. H. Mansyur, MA', 'L', '', ''),
(58, 'GR-0058', 'Muhammad Suharyadi, S.Pd.', 'L', '', ''),
(59, 'GR-0059', 'Nani Sumarni, M.Pd.', 'P', '', ''),
(60, 'GR-0060', 'Dra. Neni Suhartini Yunus', 'P', '', ''),
(61, 'GR-0061', 'Novie Rusdiana, S.Pd.', 'P', '', ''),
(62, 'GR-0062', 'Nurhidayati, S.Pd.', 'P', '', ''),
(63, 'GR-0063', 'Dra. Nurismirati, M.Pd.', 'P', '', ''),
(64, 'GR-0064', 'Puji Astuti, S.Pd.', 'P', '', ''),
(65, 'GR-0065', 'Ranni Rahmawati Kurnia, S.Pd.', 'P', '', ''),
(66, 'GR-0066', 'Rhesa Amalia Putri, S.Pd.', 'P', '', ''),
(67, 'GR-0067', 'Ir. Hj. Ria Subiantari', 'P', '', ''),
(68, 'GR-0068', 'Rina Anggraeny, S.Pd.', 'P', '', ''),
(69, 'GR-0069', 'Rindi Septi Ani, S.Pd.', 'P', '', ''),
(70, 'GR-0070', 'Dra. Rini Harjanti', 'P', '', ''),
(71, 'GR-0071', 'Rinto Risdian Ruswandi, S.Si.', 'L', '', ''),
(72, 'GR-0072', 'Ririn Setiani, M.Pd.', 'P', '', ''),
(73, 'GR-0073', 'Robiyah, S.Pd.', 'P', '', ''),
(74, 'GR-0074', 'Rosnanti, S.Pd., MM.', 'P', '', ''),
(75, 'GR-0075', 'Rosy Tiffany Prasanti, S.Pd.', 'P', '', ''),
(76, 'GR-0076', 'Saidah, S.Pdi.', 'P', '', ''),
(77, 'GR-0077', 'Sinta Hegarningsih Handaruan, S.Pd., M.MPd.', 'P', '', ''),
(78, 'GR-0078', 'Siti Aminah, S.Pd.I.', 'P', '', ''),
(79, 'GR-0079', 'Siti Humaeroh, S.Pd.', 'P', '', ''),
(80, 'GR-0080', 'Siti Yuliani Dewi Alfiyah, S.Pd.', 'P', '', ''),
(81, 'GR-0081', 'Dra. Sri Handayani, M.Pd', 'P', '', ''),
(82, 'GR-0082', 'Sri Handayani, S.Pd., MM.', 'P', '', ''),
(83, 'GR-0083', 'Sri Mulyasih, SE.', 'P', '', ''),
(84, 'GR-0084', 'Sukasih, S.Pd.', 'P', '', ''),
(85, 'GR-0085', 'Drs. Sunadi', 'L', '', ''),
(86, 'GR-0086', 'Yeni Noviani, S.Pd.', 'P', '', ''),
(87, 'GR-0087', 'Yudi Permana, S.Pd.', 'L', '', ''),
(88, 'GR-0088', 'Yuliana Budi Pratiwi, S.Pd.', 'P', '', ''),
(89, 'GR-0089', 'Yulinda, S.Sos.', 'P', '', ''),
(90, 'GR-0090', 'Mutiara Dwi Cahyani, M.Pd.', 'P', '301', 'Cirebon'),
(91, 'GR-0091', 'Muhammad Ihsan, S.PdI.', 'L', '', ''),
(92, 'GR-0092', 'Hamdan, S.Ag.', 'L', '', ''),
(93, 'GR-0093', 'Teguh Iman Perdana, M.Pd.', 'L', '', ''),
(94, 'GR-0094', 'Retno, S.Pd.', 'P', '', ''),
(95, 'GR-0095', 'Maiz Wahid Ansori,Lc.SE.Sy', 'L', '', ''),
(96, 'GR-0096', 'Dian Islamiati, S.Pd', 'P', '', '');

-- --------------------------------------------------------

--
-- Table structure for table `guru_mapel`
--

CREATE TABLE `guru_mapel` (
  `id` int NOT NULL,
  `id_kelas` int NOT NULL,
  `kode_mapel` varchar(30) NOT NULL,
  `kode_guru` varchar(30) NOT NULL
) ENGINE=InnoDB DEFAULT CHARSET=latin1;

--
-- Dumping data for table `guru_mapel`
--

INSERT INTO `guru_mapel` (`id`, `id_kelas`, `kode_mapel`, `kode_guru`) VALUES
(1, 53, 'MPL-0001', 'GR-0092'),
(2, 53, 'MPL-0002', 'GR-0089'),
(3, 53, 'MPL-0003', 'GR-0068'),
(4, 53, 'MPL-0004', 'GR-0078'),
(5, 53, 'MPL-0006', 'GR-0046'),
(6, 53, 'MPL-0007', 'GR-0082'),
(7, 53, 'MPL-0008', 'GR-0065'),
(8, 53, 'MPL-0011', 'GR-0048'),
(9, 53, 'MPL-0012', 'GR-0090'),
(10, 53, 'MPL-0013', 'GR-0090'),
(11, 53, 'MPL-0014', 'GR-0071'),
(12, 53, 'MPL-0015', 'GR-0071'),
(13, 53, 'MPL-0016', 'GR-0071'),
(14, 53, 'MPL-0017', 'GR-0071'),
(15, 53, 'MPL-0005', 'GR-0050'),
(16, 54, 'MPL-0001', 'GR-0092'),
(17, 54, 'MPL-0002', 'GR-0089'),
(18, 54, 'MPL-0003', 'GR-0068'),
(19, 54, 'MPL-0004', 'GR-0078'),
(20, 54, 'MPL-0005', 'GR-0050'),
(21, 54, 'MPL-0006', 'GR-0046'),
(22, 54, 'MPL-0007', 'GR-0082'),
(23, 54, 'MPL-0008', 'GR-0065'),
(24, 54, 'MPL-0011', 'GR-0048'),
(25, 54, 'MPL-0012', 'GR-0090'),
(26, 54, 'MPL-0013', 'GR-0090'),
(27, 54, 'MPL-0014', 'GR-0048'),
(28, 54, 'MPL-0015', 'GR-0071'),
(29, 54, 'MPL-0016', 'GR-0071'),
(30, 54, 'MPL-0017', 'GR-0071'),
(31, 53, 'MPL-0061', 'GR-0006'),
(33, 54, 'MPL-0061', 'GR-0006'),
(34, 46, 'MPL-0001', 'GR-0079'),
(35, 46, 'MPL-0002', 'GR-0075'),
(36, 46, 'MPL-0003', 'GR-0022'),
(37, 46, 'MPL-0004', 'GR-0072'),
(38, 46, 'MPL-0005', 'GR-0081'),
(39, 46, 'MPL-0006', 'GR-0088'),
(40, 46, 'MPL-0007', 'GR-0067'),
(41, 46, 'MPL-0008', 'GR-0058'),
(42, 46, 'MPL-0011', 'GR-0071'),
(43, 46, 'MPL-0033', 'GR-0014'),
(44, 46, 'MPL-0027', 'GR-0017'),
(45, 46, 'MPL-0034', 'GR-0069'),
(46, 46, 'MPL-0035', 'GR-0042'),
(47, 46, 'MPL-0036', 'GR-0035'),
(48, 46, 'MPL-0037', 'GR-0023'),
(49, 47, 'MPL-0001', 'GR-0079'),
(50, 47, 'MPL-0002', 'GR-0075'),
(51, 47, 'MPL-0003', 'GR-0022'),
(52, 47, 'MPL-0004', 'GR-0019'),
(53, 47, 'MPL-0005', 'GR-0081'),
(54, 47, 'MPL-0006', 'GR-0088'),
(55, 47, 'MPL-0007', 'GR-0067'),
(56, 47, 'MPL-0008', 'GR-0058'),
(57, 47, 'MPL-0011', 'GR-0071'),
(58, 47, 'MPL-0033', 'GR-0014'),
(59, 47, 'MPL-0027', 'GR-0017'),
(60, 47, 'MPL-0034', 'GR-0069'),
(61, 47, 'MPL-0035', 'GR-0047'),
(62, 47, 'MPL-0036', 'GR-0035'),
(63, 47, 'MPL-0037', 'GR-0023'),
(64, 47, 'MPL-0061', 'GR-0006'),
(65, 46, 'MPL-0061', 'GR-0006'),
(66, 48, 'MPL-0001', 'GR-0079'),
(67, 48, 'MPL-0002', 'GR-0075'),
(68, 48, 'MPL-0003', 'GR-0022'),
(69, 48, 'MPL-0004', 'GR-0041'),
(70, 48, 'MPL-0005', 'GR-0081'),
(71, 48, 'MPL-0006', 'GR-0088'),
(72, 48, 'MPL-0007', 'GR-0067'),
(73, 48, 'MPL-0008', 'GR-0058'),
(74, 48, 'MPL-0011', 'GR-0071'),
(75, 48, 'MPL-0033', 'GR-0014'),
(76, 48, 'MPL-0027', 'GR-0017'),
(77, 48, 'MPL-0034', 'GR-0069'),
(78, 48, 'MPL-0035', 'GR-0062'),
(79, 48, 'MPL-0036', 'GR-0035'),
(80, 48, 'MPL-0037', 'GR-0023'),
(81, 48, 'MPL-0061', 'GR-0006'),
(82, 61, 'MPL-0001', 'GR-0076'),
(83, 61, 'MPL-0002', 'GR-0020'),
(84, 61, 'MPL-0003', 'GR-0061'),
(85, 61, 'MPL-0004', 'GR-0019'),
(86, 61, 'MPL-0006', 'GR-0029'),
(87, 61, 'MPL-0008', 'GR-0058'),
(88, 61, 'MPL-0038', 'GR-0035'),
(89, 61, 'MPL-0039', 'GR-0047'),
(90, 61, 'MPL-0040', 'GR-0062'),
(91, 61, 'MPL-0041', 'GR-0042'),
(92, 61, 'MPL-0020', 'GR-0084'),
(93, 61, 'MPL-0061', 'GR-0033'),
(94, 63, 'MPL-0001', 'GR-0076'),
(95, 63, 'MPL-0002', 'GR-0020'),
(96, 63, 'MPL-0003', 'GR-0061'),
(97, 63, 'MPL-0004', 'GR-0019'),
(98, 63, 'MPL-0006', 'GR-0029'),
(99, 64, 'MPL-0001', 'GR-0076'),
(100, 64, 'MPL-0002', 'GR-0020'),
(101, 64, 'MPL-0003', 'GR-0061'),
(102, 64, 'MPL-0004', 'GR-0019'),
(103, 64, 'MPL-0006', 'GR-0029'),
(104, 63, 'MPL-0008', 'GR-0058'),
(105, 63, 'MPL-0038', 'GR-0023'),
(106, 63, 'MPL-0039', 'GR-0047'),
(107, 63, 'MPL-0040', 'GR-0062'),
(108, 63, 'MPL-0041', 'GR-0042'),
(109, 63, 'MPL-0020', 'GR-0084'),
(110, 64, 'MPL-0008', 'GR-0058'),
(111, 64, 'MPL-0038', 'GR-0023'),
(112, 64, 'MPL-0039', 'GR-0047'),
(113, 64, 'MPL-0040', 'GR-0062'),
(114, 64, 'MPL-0041', 'GR-0042'),
(115, 64, 'MPL-0020', 'GR-0084'),
(116, 64, 'MPL-0061', 'GR-0033'),
(117, 63, 'MPL-0061', 'GR-0033'),
(121, 62, 'MPL-0061', 'GR-0033'),
(122, 62, 'MPL-0001', 'GR-0076'),
(123, 62, 'MPL-0002', 'GR-0020'),
(124, 62, 'MPL-0003', 'GR-0061'),
(125, 62, 'MPL-0004', 'GR-0019'),
(126, 62, 'MPL-0006', 'GR-0029'),
(127, 62, 'MPL-0008', 'GR-0058'),
(128, 62, 'MPL-0038', 'GR-0035'),
(129, 62, 'MPL-0039', 'GR-0047'),
(130, 62, 'MPL-0040', 'GR-0062'),
(131, 62, 'MPL-0041', 'GR-0042'),
(132, 62, 'MPL-0020', 'GR-0084'),
(133, 65, 'MPL-0061', 'GR-0033'),
(134, 66, 'MPL-0061', 'GR-0033'),
(135, 67, 'MPL-0061', 'GR-0033'),
(136, 68, 'MPL-0061', 'GR-0033'),
(137, 69, 'MPL-0061', 'GR-0033'),
(138, 72, 'MPL-0061', 'GR-0033'),
(139, 73, 'MPL-0061', 'GR-0033'),
(140, 70, 'MPL-0061', 'GR-0033'),
(141, 71, 'MPL-0061', 'GR-0033'),
(142, 74, 'MPL-0061', 'GR-0033'),
(143, 75, 'MPL-0061', 'GR-0033'),
(144, 82, 'MPL-0061', 'GR-0008'),
(145, 83, 'MPL-0061', 'GR-0008'),
(146, 84, 'MPL-0061', 'GR-0008'),
(148, 78, 'MPL-0061', 'GR-0008'),
(149, 79, 'MPL-0061', 'GR-0008'),
(150, 80, 'MPL-0061', 'GR-0008'),
(151, 81, 'MPL-0061', 'GR-0008'),
(152, 87, 'MPL-0061', 'GR-0008'),
(153, 88, 'MPL-0061', 'GR-0008'),
(154, 89, 'MPL-0061', 'GR-0008'),
(155, 90, 'MPL-0061', 'GR-0008'),
(156, 76, 'MPL-0061', 'GR-0008'),
(157, 77, 'MPL-0061', 'GR-0008'),
(158, 86, 'MPL-0061', 'GR-0008'),
(159, 92, 'MPL-0061', 'GR-0008'),
(160, 68, 'MPL-0001', 'GR-0079'),
(161, 68, 'MPL-0002', 'GR-0020'),
(162, 68, 'MPL-0003', 'GR-0061'),
(163, 68, 'MPL-0004', 'GR-0041'),
(164, 68, 'MPL-0006', 'GR-0029'),
(165, 68, 'MPL-0008', 'GR-0058'),
(166, 68, 'MPL-0018', 'GR-0034'),
(167, 68, 'MPL-0019', 'GR-0001'),
(168, 68, 'MPL-0020', 'GR-0018'),
(169, 69, 'MPL-0001', 'GR-0079'),
(170, 69, 'MPL-0002', 'GR-0020'),
(171, 69, 'MPL-0003', 'GR-0061'),
(172, 69, 'MPL-0004', 'GR-0041'),
(173, 69, 'MPL-0006', 'GR-0029'),
(174, 69, 'MPL-0008', 'GR-0058'),
(175, 69, 'MPL-0018', 'GR-0034'),
(176, 69, 'MPL-0019', 'GR-0001'),
(177, 69, 'MPL-0020', 'GR-0018'),
(178, 76, 'MPL-0001', 'GR-0076'),
(179, 76, 'MPL-0002', 'GR-0075'),
(180, 76, 'MPL-0003', 'GR-0026'),
(181, 76, 'MPL-0004', 'GR-0031'),
(182, 76, 'MPL-0006', 'GR-0074'),
(183, 76, 'MPL-0010', 'GR-0028'),
(184, 76, 'MPL-0009', 'GR-0044'),
(185, 76, 'MPL-0021', 'GR-0032'),
(186, 76, 'MPL-0022', 'GR-0005'),
(187, 76, 'MPL-0020', 'GR-0048'),
(188, 77, 'MPL-0001', 'GR-0076'),
(189, 77, 'MPL-0002', 'GR-0075'),
(190, 77, 'MPL-0003', 'GR-0026'),
(191, 77, 'MPL-0004', 'GR-0031'),
(192, 77, 'MPL-0006', 'GR-0074'),
(193, 77, 'MPL-0010', 'GR-0028'),
(194, 77, 'MPL-0009', 'GR-0044'),
(195, 77, 'MPL-0021', 'GR-0032'),
(196, 77, 'MPL-0022', 'GR-0005'),
(197, 77, 'MPL-0020', 'GR-0048'),
(198, 55, 'MPL-0001', 'GR-0079'),
(199, 55, 'MPL-0002', 'GR-0089'),
(200, 55, 'MPL-0003', 'GR-0051'),
(201, 55, 'MPL-0004', 'GR-0059'),
(202, 55, 'MPL-0005', 'GR-0050'),
(203, 55, 'MPL-0006', 'GR-0054'),
(204, 55, 'MPL-0007', 'GR-0081'),
(205, 55, 'MPL-0008', 'GR-0065'),
(206, 55, 'MPL-0011', 'GR-0056'),
(207, 55, 'MPL-0033', 'GR-0082'),
(208, 55, 'MPL-0027', 'GR-0017'),
(209, 55, 'MPL-0034', 'GR-0069'),
(210, 55, 'MPL-0051', 'GR-0025'),
(211, 55, 'MPL-0052', 'GR-0053'),
(212, 55, 'MPL-0053', 'GR-0002'),
(213, 56, 'MPL-0001', 'GR-0079'),
(214, 56, 'MPL-0002', 'GR-0089'),
(215, 56, 'MPL-0003', 'GR-0051'),
(216, 56, 'MPL-0004', 'GR-0059'),
(217, 56, 'MPL-0005', 'GR-0050'),
(218, 56, 'MPL-0006', 'GR-0054'),
(219, 56, 'MPL-0007', 'GR-0081'),
(220, 56, 'MPL-0008', 'GR-0065'),
(221, 56, 'MPL-0011', 'GR-0056'),
(222, 56, 'MPL-0033', 'GR-0082'),
(223, 56, 'MPL-0027', 'GR-0017'),
(224, 56, 'MPL-0034', 'GR-0069'),
(225, 56, 'MPL-0051', 'GR-0025'),
(226, 56, 'MPL-0052', 'GR-0053'),
(227, 56, 'MPL-0053', 'GR-0002'),
(228, 55, 'MPL-0061', 'GR-0006'),
(229, 56, 'MPL-0061', 'GR-0006'),
(230, 70, 'MPL-0001', 'GR-0076'),
(231, 70, 'MPL-0002', 'GR-0020'),
(232, 70, 'MPL-0003', 'GR-0093'),
(233, 70, 'MPL-0004', 'GR-0041'),
(234, 70, 'MPL-0006', 'GR-0088'),
(235, 70, 'MPL-0008', 'GR-0087'),
(236, 70, 'MPL-0054', 'GR-0053'),
(237, 70, 'MPL-0055', 'GR-0002'),
(238, 70, 'MPL-0056', 'GR-0063'),
(239, 70, 'MPL-0057', 'GR-0085'),
(240, 70, 'MPL-0020', 'GR-0004'),
(241, 71, 'MPL-0001', 'GR-0076'),
(242, 71, 'MPL-0002', 'GR-0020'),
(243, 71, 'MPL-0003', 'GR-0093'),
(244, 71, 'MPL-0004', 'GR-0041'),
(245, 71, 'MPL-0006', 'GR-0088'),
(246, 71, 'MPL-0008', 'GR-0087'),
(247, 71, 'MPL-0054', 'GR-0053'),
(248, 71, 'MPL-0055', 'GR-0002'),
(249, 71, 'MPL-0056', 'GR-0063'),
(250, 71, 'MPL-0057', 'GR-0085'),
(251, 71, 'MPL-0020', 'GR-0004'),
(252, 87, 'MPL-0001', 'GR-0021'),
(253, 87, 'MPL-0002', 'GR-0075'),
(254, 87, 'MPL-0003', 'GR-0026'),
(255, 87, 'MPL-0004', 'GR-0031'),
(256, 87, 'MPL-0006', 'GR-0043'),
(257, 87, 'MPL-0010', 'GR-0028'),
(258, 87, 'MPL-0054', 'GR-0053'),
(259, 87, 'MPL-0055', 'GR-0017'),
(260, 87, 'MPL-0056', 'GR-0063'),
(261, 87, 'MPL-0057', 'GR-0085'),
(262, 87, 'MPL-0020', 'GR-0025'),
(263, 88, 'MPL-0001', 'GR-0021'),
(264, 88, 'MPL-0002', 'GR-0075'),
(265, 88, 'MPL-0003', 'GR-0026'),
(266, 88, 'MPL-0004', 'GR-0031'),
(267, 88, 'MPL-0006', 'GR-0043'),
(268, 88, 'MPL-0010', 'GR-0028'),
(269, 88, 'MPL-0054', 'GR-0053'),
(270, 88, 'MPL-0055', 'GR-0017'),
(271, 88, 'MPL-0056', 'GR-0063'),
(272, 88, 'MPL-0057', 'GR-0085'),
(273, 88, 'MPL-0020', 'GR-0025'),
(274, 50, 'MPL-0001', 'GR-0092'),
(275, 50, 'MPL-0002', 'GR-0089'),
(276, 50, 'MPL-0003', 'GR-0051'),
(277, 50, 'MPL-0004', 'GR-0059'),
(278, 50, 'MPL-0005', 'GR-0013'),
(279, 50, 'MPL-0006', 'GR-0046'),
(280, 50, 'MPL-0007', 'GR-0067'),
(281, 50, 'MPL-0008', 'GR-0065'),
(282, 50, 'MPL-0011', 'GR-0056'),
(283, 50, 'MPL-0033', 'GR-0081'),
(284, 50, 'MPL-0027', 'GR-0014'),
(285, 50, 'MPL-0034', 'GR-0090'),
(286, 50, 'MPL-0042', 'GR-0039'),
(287, 50, 'MPL-0045', 'GR-0027'),
(288, 50, 'MPL-0061', 'GR-0006'),
(289, 51, 'MPL-0001', 'GR-0092'),
(290, 51, 'MPL-0002', 'GR-0089'),
(291, 51, 'MPL-0003', 'GR-0051'),
(292, 51, 'MPL-0004', 'GR-0059'),
(293, 51, 'MPL-0005', 'GR-0013'),
(294, 51, 'MPL-0006', 'GR-0046'),
(295, 51, 'MPL-0007', 'GR-0067'),
(296, 51, 'MPL-0008', 'GR-0065'),
(297, 51, 'MPL-0011', 'GR-0056'),
(298, 51, 'MPL-0033', 'GR-0081'),
(299, 51, 'MPL-0027', 'GR-0014'),
(300, 51, 'MPL-0034', 'GR-0090'),
(301, 51, 'MPL-0042', 'GR-0039'),
(302, 51, 'MPL-0045', 'GR-0027'),
(303, 51, 'MPL-0061', 'GR-0006'),
(304, 52, 'MPL-0001', 'GR-0092'),
(305, 52, 'MPL-0002', 'GR-0089'),
(306, 52, 'MPL-0003', 'GR-0051'),
(307, 52, 'MPL-0004', 'GR-0059'),
(308, 52, 'MPL-0005', 'GR-0013'),
(309, 52, 'MPL-0006', 'GR-0046'),
(310, 52, 'MPL-0007', 'GR-0067'),
(311, 52, 'MPL-0008', 'GR-0065'),
(312, 52, 'MPL-0011', 'GR-0056'),
(313, 52, 'MPL-0033', 'GR-0081'),
(314, 52, 'MPL-0027', 'GR-0014'),
(315, 52, 'MPL-0034', 'GR-0090'),
(316, 52, 'MPL-0042', 'GR-0039'),
(317, 52, 'MPL-0045', 'GR-0027'),
(318, 52, 'MPL-0061', 'GR-0006'),
(319, 91, 'MPL-0001', 'GR-0092'),
(320, 91, 'MPL-0002', 'GR-0089'),
(321, 91, 'MPL-0003', 'GR-0051'),
(322, 91, 'MPL-0004', 'GR-0059'),
(323, 91, 'MPL-0005', 'GR-0013'),
(324, 91, 'MPL-0006', 'GR-0046'),
(325, 91, 'MPL-0007', 'GR-0067'),
(326, 91, 'MPL-0008', 'GR-0065'),
(327, 91, 'MPL-0011', 'GR-0056'),
(328, 91, 'MPL-0033', 'GR-0081'),
(329, 91, 'MPL-0027', 'GR-0014'),
(330, 91, 'MPL-0034', 'GR-0090'),
(331, 91, 'MPL-0042', 'GR-0039'),
(332, 91, 'MPL-0045', 'GR-0027'),
(333, 91, 'MPL-0061', 'GR-0006'),
(334, 50, 'MPL-0043', 'GR-0073'),
(335, 50, 'MPL-0044', 'GR-0036'),
(336, 51, 'MPL-0043', 'GR-0073'),
(337, 51, 'MPL-0044', 'GR-0036'),
(338, 52, 'MPL-0043', 'GR-0055'),
(339, 52, 'MPL-0044', 'GR-0070'),
(340, 91, 'MPL-0043', 'GR-0055'),
(341, 91, 'MPL-0044', 'GR-0070'),
(342, 65, 'MPL-0001', 'GR-0079'),
(343, 65, 'MPL-0002', 'GR-0014'),
(344, 65, 'MPL-0003', 'GR-0093'),
(345, 65, 'MPL-0006', 'GR-0088'),
(346, 65, 'MPL-0008', 'GR-0087'),
(347, 65, 'MPL-0058', 'GR-0086'),
(348, 65, 'MPL-0059', 'GR-0039'),
(349, 65, 'MPL-0049', 'GR-0038'),
(350, 65, 'MPL-0020', 'GR-0049'),
(351, 66, 'MPL-0001', 'GR-0079'),
(352, 66, 'MPL-0002', 'GR-0014'),
(353, 66, 'MPL-0003', 'GR-0093'),
(354, 66, 'MPL-0006', 'GR-0088'),
(355, 66, 'MPL-0008', 'GR-0087'),
(356, 66, 'MPL-0058', 'GR-0086'),
(357, 66, 'MPL-0059', 'GR-0039'),
(358, 66, 'MPL-0049', 'GR-0038'),
(359, 66, 'MPL-0020', 'GR-0049'),
(360, 67, 'MPL-0001', 'GR-0079'),
(361, 67, 'MPL-0002', 'GR-0014'),
(362, 67, 'MPL-0003', 'GR-0093'),
(363, 67, 'MPL-0006', 'GR-0088'),
(364, 67, 'MPL-0008', 'GR-0087'),
(365, 67, 'MPL-0058', 'GR-0086'),
(366, 67, 'MPL-0059', 'GR-0039'),
(367, 67, 'MPL-0049', 'GR-0038'),
(368, 67, 'MPL-0020', 'GR-0049'),
(369, 82, 'MPL-0001', 'GR-0092'),
(370, 82, 'MPL-0002', 'GR-0075'),
(371, 82, 'MPL-0003', 'GR-0061'),
(372, 82, 'MPL-0004', 'GR-0072'),
(373, 82, 'MPL-0006', 'GR-0043'),
(374, 82, 'MPL-0009', 'GR-0044'),
(375, 82, 'MPL-0010', 'GR-0028'),
(376, 82, 'MPL-0059', 'GR-0070'),
(377, 82, 'MPL-0058', 'GR-0036'),
(378, 82, 'MPL-0060', 'GR-0077'),
(379, 82, 'MPL-0048', 'GR-0012'),
(380, 82, 'MPL-0049', 'GR-0038'),
(381, 83, 'MPL-0001', 'GR-0092'),
(382, 83, 'MPL-0002', 'GR-0075'),
(383, 83, 'MPL-0003', 'GR-0061'),
(384, 83, 'MPL-0004', 'GR-0072'),
(385, 83, 'MPL-0006', 'GR-0043'),
(386, 83, 'MPL-0009', 'GR-0044'),
(387, 83, 'MPL-0010', 'GR-0028'),
(388, 83, 'MPL-0059', 'GR-0070'),
(389, 83, 'MPL-0058', 'GR-0036'),
(390, 83, 'MPL-0060', 'GR-0077'),
(391, 83, 'MPL-0048', 'GR-0012'),
(392, 83, 'MPL-0049', 'GR-0038'),
(393, 84, 'MPL-0001', 'GR-0092'),
(394, 84, 'MPL-0002', 'GR-0075'),
(395, 84, 'MPL-0003', 'GR-0061'),
(396, 84, 'MPL-0004', 'GR-0072'),
(397, 84, 'MPL-0006', 'GR-0043'),
(398, 84, 'MPL-0009', 'GR-0044'),
(399, 84, 'MPL-0010', 'GR-0028'),
(400, 84, 'MPL-0059', 'GR-0070'),
(401, 84, 'MPL-0058', 'GR-0036'),
(402, 84, 'MPL-0060', 'GR-0077'),
(403, 84, 'MPL-0048', 'GR-0012'),
(404, 84, 'MPL-0049', 'GR-0038'),
(405, 82, 'MPL-0020', 'GR-0049'),
(406, 83, 'MPL-0020', 'GR-0086'),
(407, 84, 'MPL-0020', 'GR-0055'),
(408, 59, 'MPL-0001', 'GR-0092'),
(409, 59, 'MPL-0002', 'GR-0089'),
(410, 59, 'MPL-0003', 'GR-0068'),
(411, 59, 'MPL-0004', 'GR-0080'),
(412, 59, 'MPL-0005', 'GR-0050'),
(413, 59, 'MPL-0006', 'GR-0046'),
(414, 59, 'MPL-0007', 'GR-0082'),
(415, 59, 'MPL-0008', 'GR-0065'),
(416, 59, 'MPL-0011', 'GR-0056'),
(417, 59, 'MPL-0027', 'GR-0081'),
(418, 59, 'MPL-0033', 'GR-0073'),
(419, 59, 'MPL-0034', 'GR-0069'),
(420, 59, 'MPL-0042', 'GR-0039'),
(421, 59, 'MPL-0043', 'GR-0095'),
(422, 59, 'MPL-0044', 'GR-0024'),
(423, 60, 'MPL-0001', 'GR-0092'),
(424, 60, 'MPL-0002', 'GR-0089'),
(425, 60, 'MPL-0003', 'GR-0068'),
(426, 60, 'MPL-0004', 'GR-0080'),
(427, 60, 'MPL-0005', 'GR-0050'),
(428, 60, 'MPL-0006', 'GR-0046'),
(429, 60, 'MPL-0007', 'GR-0082'),
(430, 60, 'MPL-0008', 'GR-0065'),
(431, 60, 'MPL-0011', 'GR-0056'),
(432, 60, 'MPL-0027', 'GR-0081'),
(433, 60, 'MPL-0033', 'GR-0073'),
(434, 60, 'MPL-0034', 'GR-0069'),
(435, 60, 'MPL-0042', 'GR-0039'),
(436, 60, 'MPL-0043', 'GR-0095'),
(437, 60, 'MPL-0044', 'GR-0024'),
(438, 59, 'MPL-0045', 'GR-0024'),
(439, 60, 'MPL-0045', 'GR-0024'),
(440, 74, 'MPL-0001', 'GR-0079'),
(441, 74, 'MPL-0002', 'GR-0020'),
(442, 74, 'MPL-0003', 'GR-0022'),
(443, 74, 'MPL-0004', 'GR-0019'),
(444, 74, 'MPL-0006', 'GR-0029'),
(445, 74, 'MPL-0008', 'GR-0087'),
(446, 74, 'MPL-0046', 'GR-0003'),
(447, 74, 'MPL-0047', 'GR-0024'),
(448, 74, 'MPL-0048', 'GR-0095'),
(449, 74, 'MPL-0049', 'GR-0038'),
(450, 74, 'MPL-0020', 'GR-0004'),
(473, 75, 'MPL-0001', 'GR-0079'),
(474, 75, 'MPL-0002', 'GR-0020'),
(475, 75, 'MPL-0003', 'GR-0022'),
(476, 75, 'MPL-0004', 'GR-0019'),
(477, 75, 'MPL-0006', 'GR-0029'),
(478, 75, 'MPL-0008', 'GR-0087'),
(479, 75, 'MPL-0046', 'GR-0003'),
(480, 75, 'MPL-0047', 'GR-0024'),
(481, 75, 'MPL-0048', 'GR-0095'),
(482, 75, 'MPL-0049', 'GR-0038'),
(483, 75, 'MPL-0020', 'GR-0004'),
(484, 89, 'MPL-0001', 'GR-0021'),
(485, 89, 'MPL-0002', 'GR-0075'),
(486, 89, 'MPL-0003', 'GR-0026'),
(487, 89, 'MPL-0004', 'GR-0072'),
(488, 89, 'MPL-0006', 'GR-0043'),
(489, 89, 'MPL-0020', 'GR-0073'),
(490, 89, 'MPL-0046', 'GR-0003'),
(491, 89, 'MPL-0050', 'GR-0052'),
(492, 89, 'MPL-0048', 'GR-0095'),
(493, 89, 'MPL-0049', 'GR-0055'),
(494, 89, 'MPL-0009', 'GR-0044'),
(495, 89, 'MPL-0010', 'GR-0028'),
(496, 90, 'MPL-0001', 'GR-0021'),
(497, 90, 'MPL-0002', 'GR-0075'),
(498, 90, 'MPL-0003', 'GR-0026'),
(499, 90, 'MPL-0004', 'GR-0072'),
(500, 90, 'MPL-0006', 'GR-0043'),
(501, 90, 'MPL-0020', 'GR-0073'),
(502, 90, 'MPL-0046', 'GR-0003'),
(503, 90, 'MPL-0050', 'GR-0052'),
(504, 90, 'MPL-0048', 'GR-0095'),
(505, 90, 'MPL-0049', 'GR-0055'),
(506, 90, 'MPL-0009', 'GR-0044'),
(507, 90, 'MPL-0010', 'GR-0028'),
(508, 57, 'MPL-0001', 'GR-0092'),
(509, 57, 'MPL-0002', 'GR-0089'),
(510, 57, 'MPL-0003', 'GR-0068'),
(511, 57, 'MPL-0004', 'GR-0078'),
(512, 57, 'MPL-0005', 'GR-0050'),
(513, 57, 'MPL-0006', 'GR-0054'),
(514, 57, 'MPL-0007', 'GR-0082'),
(515, 57, 'MPL-0008', 'GR-0065'),
(516, 57, 'MPL-0011', 'GR-0056'),
(517, 57, 'MPL-0023', 'GR-0069'),
(518, 57, 'MPL-0024', 'GR-0009'),
(519, 57, 'MPL-0025', 'GR-0064'),
(520, 57, 'MPL-0027', 'GR-0014'),
(521, 57, 'MPL-0028', 'GR-0094'),
(522, 58, 'MPL-0001', 'GR-0092'),
(523, 58, 'MPL-0002', 'GR-0089'),
(524, 58, 'MPL-0003', 'GR-0068'),
(525, 58, 'MPL-0004', 'GR-0078'),
(526, 58, 'MPL-0005', 'GR-0050'),
(527, 58, 'MPL-0006', 'GR-0054'),
(528, 58, 'MPL-0007', 'GR-0082'),
(529, 58, 'MPL-0008', 'GR-0065'),
(530, 58, 'MPL-0011', 'GR-0056'),
(531, 58, 'MPL-0023', 'GR-0069'),
(532, 58, 'MPL-0024', 'GR-0009'),
(533, 58, 'MPL-0025', 'GR-0064'),
(534, 58, 'MPL-0027', 'GR-0014'),
(535, 58, 'MPL-0028', 'GR-0094'),
(536, 57, 'MPL-0026', 'GR-0069'),
(537, 58, 'MPL-0026', 'GR-0069'),
(538, 57, 'MPL-0061', 'GR-0006'),
(539, 58, 'MPL-0061', 'GR-0006'),
(540, 72, 'MPL-0001', 'GR-0076'),
(541, 72, 'MPL-0002', 'GR-0020'),
(542, 72, 'MPL-0003', 'GR-0022'),
(543, 72, 'MPL-0004', 'GR-0078'),
(544, 72, 'MPL-0006', 'GR-0043'),
(545, 72, 'MPL-0008', 'GR-0087'),
(546, 73, 'MPL-0001', 'GR-0076'),
(547, 73, 'MPL-0002', 'GR-0020'),
(548, 73, 'MPL-0003', 'GR-0022'),
(549, 73, 'MPL-0004', 'GR-0078'),
(550, 73, 'MPL-0006', 'GR-0043'),
(551, 73, 'MPL-0008', 'GR-0087'),
(552, 72, 'MPL-0029', 'GR-0064'),
(553, 72, 'MPL-0030', 'GR-0037'),
(554, 72, 'MPL-0031', 'GR-0009'),
(555, 72, 'MPL-0032', 'GR-0096'),
(556, 72, 'MPL-0020', 'GR-0018'),
(557, 73, 'MPL-0029', 'GR-0064'),
(558, 73, 'MPL-0030', 'GR-0037'),
(559, 73, 'MPL-0031', 'GR-0009'),
(560, 73, 'MPL-0032', 'GR-0096'),
(561, 73, 'MPL-0020', 'GR-0018'),
(562, 86, 'MPL-0001', 'GR-0021'),
(563, 86, 'MPL-0002', 'GR-0054'),
(564, 86, 'MPL-0003', 'GR-0026'),
(565, 86, 'MPL-0004', 'GR-0057'),
(566, 86, 'MPL-0006', 'GR-0043'),
(567, 86, 'MPL-0009', 'GR-0044'),
(568, 86, 'MPL-0010', 'GR-0028'),
(569, 86, 'MPL-0029', 'GR-0015'),
(570, 86, 'MPL-0031', 'GR-0009'),
(571, 86, 'MPL-0032', 'GR-0037'),
(572, 86, 'MPL-0020', 'GR-0096'),
(573, 92, 'MPL-0001', 'GR-0021'),
(574, 92, 'MPL-0002', 'GR-0054'),
(575, 92, 'MPL-0003', 'GR-0026'),
(576, 92, 'MPL-0004', 'GR-0057'),
(577, 92, 'MPL-0006', 'GR-0043'),
(578, 92, 'MPL-0009', 'GR-0044'),
(579, 92, 'MPL-0010', 'GR-0028'),
(580, 92, 'MPL-0029', 'GR-0015'),
(581, 92, 'MPL-0031', 'GR-0009'),
(582, 92, 'MPL-0032', 'GR-0037'),
(583, 92, 'MPL-0020', 'GR-0096'),
(584, 86, 'MPL-0030', 'GR-0015'),
(585, 92, 'MPL-0030', 'GR-0015'),
(586, 78, 'MPL-0001', 'GR-0021'),
(587, 78, 'MPL-0002', 'GR-0054'),
(588, 78, 'MPL-0003', 'GR-0026'),
(589, 78, 'MPL-0004', 'GR-0057'),
(590, 78, 'MPL-0006', 'GR-0074'),
(591, 78, 'MPL-0009', 'GR-0044'),
(592, 78, 'MPL-0010', 'GR-0028'),
(593, 78, 'MPL-0038', 'GR-0011'),
(594, 78, 'MPL-0039', 'GR-0083'),
(595, 78, 'MPL-0040', 'GR-0016'),
(596, 78, 'MPL-0041', 'GR-0040'),
(597, 78, 'MPL-0020', 'GR-0066'),
(598, 79, 'MPL-0001', 'GR-0021'),
(599, 79, 'MPL-0002', 'GR-0054'),
(600, 79, 'MPL-0003', 'GR-0026'),
(601, 79, 'MPL-0004', 'GR-0057'),
(602, 79, 'MPL-0006', 'GR-0074'),
(603, 79, 'MPL-0009', 'GR-0044'),
(604, 79, 'MPL-0010', 'GR-0028'),
(605, 79, 'MPL-0038', 'GR-0011'),
(606, 79, 'MPL-0039', 'GR-0083'),
(607, 79, 'MPL-0040', 'GR-0016'),
(608, 79, 'MPL-0041', 'GR-0040'),
(609, 79, 'MPL-0020', 'GR-0066'),
(610, 80, 'MPL-0001', 'GR-0021'),
(611, 80, 'MPL-0002', 'GR-0054'),
(612, 80, 'MPL-0003', 'GR-0026'),
(613, 80, 'MPL-0004', 'GR-0057'),
(614, 80, 'MPL-0006', 'GR-0074'),
(615, 80, 'MPL-0009', 'GR-0044'),
(616, 80, 'MPL-0010', 'GR-0028'),
(617, 80, 'MPL-0038', 'GR-0011'),
(618, 80, 'MPL-0039', 'GR-0083'),
(619, 80, 'MPL-0040', 'GR-0016'),
(620, 80, 'MPL-0041', 'GR-0040'),
(621, 80, 'MPL-0020', 'GR-0066'),
(622, 81, 'MPL-0001', 'GR-0021'),
(623, 81, 'MPL-0002', 'GR-0054'),
(624, 81, 'MPL-0003', 'GR-0026'),
(625, 81, 'MPL-0004', 'GR-0057'),
(626, 81, 'MPL-0006', 'GR-0074'),
(627, 81, 'MPL-0009', 'GR-0044'),
(628, 81, 'MPL-0010', 'GR-0028'),
(629, 81, 'MPL-0038', 'GR-0011'),
(630, 81, 'MPL-0039', 'GR-0083'),
(631, 81, 'MPL-0040', 'GR-0016'),
(632, 81, 'MPL-0041', 'GR-0040'),
(633, 81, 'MPL-0020', 'GR-0066');

-- --------------------------------------------------------

--
-- Table structure for table `kelas`
--

CREATE TABLE `kelas` (
  `id` int NOT NULL,
  `nama_kelas` varchar(20) NOT NULL,
  `kelas` int NOT NULL,
  `jurusan` varchar(100) NOT NULL
) ENGINE=InnoDB DEFAULT CHARSET=latin1;

--
-- Dumping data for table `kelas`
--

INSERT INTO `kelas` (`id`, `nama_kelas`, `kelas`, `jurusan`) VALUES
(46, 'X OTKP1', 10, 'Administrasi Perkantoran'),
(47, 'X OTKP2', 10, 'Administrasi Perkantoran'),
(48, 'X OTKP3', 10, 'Administrasi Perkantoran'),
(50, 'X AKL1', 10, 'Akuntansi'),
(51, 'X AKL2', 10, 'Akuntansi'),
(52, 'X AKL3', 10, 'Akuntansi'),
(53, 'X MM1', 10, 'Multimedia'),
(54, 'X MM2', 10, 'Multimedia'),
(55, 'X BDP1', 10, 'Pemasaran'),
(56, 'X BDP2', 10, 'Pemasaran'),
(57, 'X UPW1', 10, 'Usaha Perjalanan Wisata'),
(58, 'X UPW2', 10, 'Usaha Perjalanan Wisata'),
(59, 'X PKM1', 10, 'Perbankan'),
(60, 'X PKM2', 10, 'Perbankan'),
(61, 'XI OTKP1', 11, 'Administrasi Perkantoran'),
(62, 'XI OTKP2', 11, 'Administrasi Perkantoran'),
(63, 'XI OTKP3', 11, 'Administrasi Perkantoran'),
(64, 'XI OTKP4', 11, 'Administrasi Perkantoran'),
(65, 'XI AKL1', 11, 'Akuntansi'),
(66, 'XI AKL2', 11, 'Akuntansi'),
(67, 'XI AKL3', 11, 'Akuntansi'),
(68, 'XI MM1', 11, 'Multimedia'),
(69, 'XI MM2', 11, 'Multimedia'),
(70, 'XI BDP1', 11, 'Pemasaran'),
(71, 'XI BDP2', 11, 'Pemasaran'),
(72, 'XI UPW1', 11, 'Usaha Perjalanan Wisata'),
(73, 'XI UPW2', 11, 'Usaha Perjalanan Wisata'),
(74, 'XI PKM1', 11, 'Perbankan'),
(75, 'XI PKM2', 11, 'Perbankan'),
(76, 'XII MM1', 12, 'Multimedia'),
(77, 'XII MM2', 12, 'Multimedia'),
(78, 'XII OTKP1', 12, 'Administrasi Perkantoran'),
(79, 'XII OTKP2', 12, 'Administrasi Perkantoran'),
(80, 'XII OTKP3', 12, 'Administrasi Perkantoran'),
(81, 'XII OTKP4', 12, 'Administrasi Perkantoran'),
(82, 'XII AKL1', 12, 'Akuntansi'),
(83, 'XII AKL2', 12, 'Akuntansi'),
(84, 'XII AKL3', 12, 'Akuntansi'),
(86, 'XII UPW1', 12, 'Usaha Perjalanan Wisata'),
(87, 'XII BDP1', 12, 'Pemasaran'),
(88, 'XII BDP2', 12, 'Pemasaran'),
(89, 'XII PKM1', 12, 'Perbankan'),
(90, 'XII PKM2', 12, 'Perbankan'),
(91, 'X AKL4', 10, 'Akuntansi'),
(92, 'XII UPW2', 12, 'Usaha Perjalanan Wisata');

-- --------------------------------------------------------

--
-- Table structure for table `kelas_ajar`
--

CREATE TABLE `kelas_ajar` (
  `id` int NOT NULL,
  `kode_guru` varchar(30) NOT NULL,
  `id_kelas` int NOT NULL
) ENGINE=InnoDB DEFAULT CHARSET=latin1;

--
-- Dumping data for table `kelas_ajar`
--

INSERT INTO `kelas_ajar` (`id`, `kode_guru`, `id_kelas`) VALUES
(1, 'GR-0096', 46),
(2, 'GR-0096', 72);

-- --------------------------------------------------------

--
-- Table structure for table `mata_pelajaran`
--

CREATE TABLE `mata_pelajaran` (
  `id` int NOT NULL,
  `kode` varchar(30) NOT NULL,
  `nama` varchar(200) NOT NULL
) ENGINE=InnoDB DEFAULT CHARSET=latin1;

--
-- Dumping data for table `mata_pelajaran`
--

INSERT INTO `mata_pelajaran` (`id`, `kode`, `nama`) VALUES
(1, 'MPL-0001', 'Pendidikan Agama dan Budi Pekerti'),
(2, 'MPL-0002', 'Pendidikan Pancasila dan Kewarganegaraan'),
(3, 'MPL-0003', 'Bahasa Indonesia'),
(4, 'MPL-0004', 'Matematika'),
(5, 'MPL-0005', 'Sejarah Indonesia'),
(6, 'MPL-0006', 'Bahasa Inggris'),
(7, 'MPL-0007', 'Seni Budaya'),
(8, 'MPL-0008', 'Pendidikan Jasmani, Olahraga dan Kesehatan'),
(9, 'MPL-0009', 'Bahasa Sunda'),
(10, 'MPL-0010', 'Bahasa Jepang'),
(11, 'MPL-0011', 'Simulasi dan Komunikasi Digital'),
(12, 'MPL-0012', 'Fisika'),
(13, 'MPL-0013', 'Kimia'),
(14, 'MPL-0014', 'Komputer dan Jaringan Dasar'),
(15, 'MPL-0015', 'Sistem Komputer'),
(16, 'MPL-0016', 'Pemrograman Dasar'),
(17, 'MPL-0017', 'Dasar Desain Grafis'),
(18, 'MPL-0018', 'Desain Grafis Percetakan'),
(19, 'MPL-0019', 'Teknik Animasi 2D dan 3D'),
(20, 'MPL-0020', 'Produk Kreatif dan Kewirausahaan'),
(21, 'MPL-0021', 'Desain Media Interaktif'),
(22, 'MPL-0022', 'Teknik Pengolahan Audio dan Video'),
(23, 'MPL-0023', 'IPA Terapan'),
(24, 'MPL-0024', 'Kepariwisataan'),
(25, 'MPL-0025', 'Komunikasi Industri Pariwisata'),
(26, 'MPL-0026', 'Sanitasi, Hygiene dan Keselamatan Kerja'),
(27, 'MPL-0027', 'Administrasi Umum'),
(28, 'MPL-0028', 'Bahasa Asing Pilihan'),
(29, 'MPL-0029', 'Pemesanan dan Perhitungan Tiket Penerbangan'),
(30, 'MPL-0030', 'Perencanaan dan Pengelolaan Perjalanan Wisata'),
(31, 'MPL-0031', 'Pemanduan Perjalanan Wisata'),
(32, 'MPL-0032', 'Pengelolaan MICE (Meeting, Incentive, Conference, and Exhibition)'),
(33, 'MPL-0033', 'Ekonomi dan Bisnis'),
(34, 'MPL-0034', 'IPA'),
(35, 'MPL-0035', 'Teknologi Perkantoran'),
(36, 'MPL-0036', 'Korespondensi'),
(37, 'MPL-0037', 'Kearsipan'),
(38, 'MPL-0038', 'Otomatisasi Tata Kelola Kepegawaian'),
(39, 'MPL-0039', 'Otomatisasi Tata Kelola Keuangan'),
(40, 'MPL-0040', 'Otomatisasi Tata Kelola Sarana dan Prasarana'),
(41, 'MPL-0041', 'Otomatisasi Tata Kelola Humas dan Keprotokolan'),
(42, 'MPL-0042', 'Etika Profesi'),
(43, 'MPL-0043', 'Aplikasi Pengolah Angka/Spreadsheet'),
(44, 'MPL-0044', 'Akuntansi Dasar'),
(45, 'MPL-0045', 'Perbankan Dasar'),
(46, 'MPL-0046', 'Layanan Perbankan'),
(47, 'MPL-0047', 'Pengelolaan Kas'),
(48, 'MPL-0048', 'Komputer Akuntansi'),
(49, 'MPL-0049', 'Administrasi Pajak'),
(50, 'MPL-0050', 'Akuntansi Perbankan dan Keuangan Mikro'),
(51, 'MPL-0051', 'Marketing'),
(52, 'MPL-0052', 'Perencanaan Bisnis'),
(53, 'MPL-0053', 'Komunikasi Bisnis'),
(54, 'MPL-0054', 'Penataan Produk'),
(55, 'MPL-0055', 'Bisnis Online'),
(56, 'MPL-0056', 'Pengelolaan Bisnis Ritel'),
(57, 'MPL-0057', 'Administrasi Transaksi'),
(58, 'MPL-0058', 'Praktikum Akuntansi Perusahaan Jasa Dagang'),
(59, 'MPL-0059', 'Praktikum Akuntansi Lembaga/Instansi Pemerintah'),
(60, 'MPL-0060', 'Akuntansi Keuangan'),
(61, 'MPL-0061', 'BP/BK');

-- --------------------------------------------------------

--
-- Table structure for table `pengaturan`
--

CREATE TABLE `pengaturan` (
  `id` int NOT NULL,
  `nis_kelas_10` int NOT NULL,
  `nis_kelas_11` int NOT NULL,
  `nis_kelas_12` int NOT NULL
) ENGINE=InnoDB DEFAULT CHARSET=latin1;

--
-- Dumping data for table `pengaturan`
--

INSERT INTO `pengaturan` (`id`, `nis_kelas_10`, `nis_kelas_11`, `nis_kelas_12`) VALUES
(1, 1617, 1718, 1819);

-- --------------------------------------------------------

--
-- Table structure for table `penilaian`
--

CREATE TABLE `penilaian` (
  `id` int NOT NULL,
  `kode_guru` varchar(30) NOT NULL,
  `kode_siswa` varchar(30) NOT NULL,
  `id_aspek_pn` int NOT NULL,
  `nilai` int NOT NULL
) ENGINE=InnoDB DEFAULT CHARSET=latin1;

--
-- Dumping data for table `penilaian`
--

INSERT INTO `penilaian` (`id`, `kode_guru`, `kode_siswa`, `id_aspek_pn`, `nilai`) VALUES
(1, 'GR-0092', 'STD-0001', 3, 4),
(2, 'GR-0092', 'STD-0001', 4, 5),
(3, 'GR-0092', 'STD-0001', 5, 2),
(4, 'GR-0092', 'STD-0001', 6, 5),
(5, 'GR-0092', 'STD-0001', 7, 4),
(6, 'GR-0092', 'STD-0001', 8, 5),
(7, 'GR-0092', 'STD-0001', 9, 3),
(8, 'GR-0092', 'STD-0001', 10, 2),
(9, 'GR-0092', 'STD-0001', 11, 4),
(10, 'GR-0071', 'STD-0001', 3, 5),
(11, 'GR-0071', 'STD-0001', 4, 4),
(12, 'GR-0071', 'STD-0001', 5, 4),
(13, 'GR-0071', 'STD-0001', 6, 4),
(14, 'GR-0071', 'STD-0001', 7, 5),
(15, 'GR-0071', 'STD-0001', 8, 2),
(16, 'GR-0071', 'STD-0001', 9, 1),
(17, 'GR-0071', 'STD-0001', 10, 4),
(18, 'GR-0071', 'STD-0001', 11, 5),
(19, 'GR-0092', 'STD-0002', 3, 5),
(20, 'GR-0092', 'STD-0002', 4, 5),
(21, 'GR-0092', 'STD-0002', 5, 4),
(22, 'GR-0092', 'STD-0002', 6, 4),
(23, 'GR-0092', 'STD-0002', 7, 1),
(24, 'GR-0092', 'STD-0002', 8, 5),
(25, 'GR-0092', 'STD-0002', 9, 2),
(26, 'GR-0092', 'STD-0002', 10, 2),
(27, 'GR-0092', 'STD-0002', 11, 2),
(28, 'GR-0089', 'STD-0002', 3, 5),
(29, 'GR-0089', 'STD-0002', 4, 2),
(30, 'GR-0089', 'STD-0002', 5, 5),
(31, 'GR-0089', 'STD-0002', 6, 2),
(32, 'GR-0089', 'STD-0002', 7, 3),
(33, 'GR-0089', 'STD-0002', 8, 1),
(34, 'GR-0089', 'STD-0002', 9, 4),
(35, 'GR-0089', 'STD-0002', 10, 5),
(36, 'GR-0089', 'STD-0002', 11, 3),
(37, 'GR-0092', 'STD-0005', 3, 5),
(38, 'GR-0092', 'STD-0005', 4, 5),
(39, 'GR-0092', 'STD-0005', 5, 1),
(40, 'GR-0092', 'STD-0005', 6, 4),
(41, 'GR-0092', 'STD-0005', 7, 5),
(42, 'GR-0092', 'STD-0005', 8, 2),
(43, 'GR-0092', 'STD-0005', 9, 2),
(44, 'GR-0092', 'STD-0005', 10, 3),
(45, 'GR-0092', 'STD-0005', 11, 1),
(46, 'GR-0089', 'STD-0005', 3, 4),
(47, 'GR-0089', 'STD-0005', 4, 4),
(48, 'GR-0089', 'STD-0005', 5, 2),
(49, 'GR-0089', 'STD-0005', 6, 5),
(50, 'GR-0089', 'STD-0005', 7, 3),
(51, 'GR-0089', 'STD-0005', 8, 1),
(52, 'GR-0089', 'STD-0005', 9, 1),
(53, 'GR-0089', 'STD-0005', 10, 2),
(54, 'GR-0089', 'STD-0005', 11, 5),
(55, 'GR-0068', 'STD-0004', 3, 2),
(56, 'GR-0068', 'STD-0004', 4, 3),
(57, 'GR-0068', 'STD-0004', 5, 4),
(58, 'GR-0068', 'STD-0004', 6, 5),
(59, 'GR-0068', 'STD-0004', 7, 4),
(60, 'GR-0068', 'STD-0004', 8, 3),
(61, 'GR-0068', 'STD-0004', 9, 3),
(62, 'GR-0068', 'STD-0004', 10, 2),
(63, 'GR-0068', 'STD-0004', 11, 3),
(64, 'GR-0071', 'STD-0004', 3, 2),
(65, 'GR-0071', 'STD-0004', 4, 3),
(66, 'GR-0071', 'STD-0004', 5, 4),
(67, 'GR-0071', 'STD-0004', 6, 4),
(68, 'GR-0071', 'STD-0004', 7, 4),
(69, 'GR-0071', 'STD-0004', 8, 3),
(70, 'GR-0071', 'STD-0004', 9, 3),
(71, 'GR-0071', 'STD-0004', 10, 4),
(72, 'GR-0071', 'STD-0004', 11, 5),
(73, 'GR-0090', 'STD-0005', 3, 4),
(74, 'GR-0090', 'STD-0005', 4, 5),
(75, 'GR-0090', 'STD-0005', 5, 5),
(76, 'GR-0090', 'STD-0005', 6, 5),
(77, 'GR-0090', 'STD-0005', 7, 4),
(78, 'GR-0090', 'STD-0005', 8, 5),
(79, 'GR-0090', 'STD-0005', 9, 2),
(80, 'GR-0090', 'STD-0005', 10, 1),
(81, 'GR-0090', 'STD-0005', 11, 4),
(82, 'GR-0050', 'STD-0004', 3, 2),
(83, 'GR-0050', 'STD-0004', 4, 3),
(84, 'GR-0050', 'STD-0004', 5, 4),
(85, 'GR-0050', 'STD-0004', 6, 4),
(86, 'GR-0050', 'STD-0004', 7, 4),
(87, 'GR-0050', 'STD-0004', 8, 4),
(88, 'GR-0050', 'STD-0004', 9, 5),
(89, 'GR-0050', 'STD-0004', 10, 5),
(90, 'GR-0050', 'STD-0004', 11, 3),
(91, 'GR-0092', 'STD-0004', 3, 2),
(92, 'GR-0092', 'STD-0004', 4, 3),
(93, 'GR-0092', 'STD-0004', 5, 4),
(94, 'GR-0092', 'STD-0004', 6, 5),
(95, 'GR-0092', 'STD-0004', 7, 5),
(96, 'GR-0092', 'STD-0004', 8, 5),
(97, 'GR-0092', 'STD-0004', 9, 4),
(98, 'GR-0092', 'STD-0004', 10, 3),
(99, 'GR-0092', 'STD-0004', 11, 4),
(100, 'GR-0078', 'STD-0004', 3, 3),
(101, 'GR-0078', 'STD-0004', 4, 3),
(102, 'GR-0078', 'STD-0004', 5, 4),
(103, 'GR-0078', 'STD-0004', 6, 5),
(104, 'GR-0078', 'STD-0004', 7, 5),
(105, 'GR-0078', 'STD-0004', 8, 5),
(106, 'GR-0078', 'STD-0004', 9, 3),
(107, 'GR-0078', 'STD-0004', 10, 2),
(108, 'GR-0078', 'STD-0004', 11, 3),
(109, 'GR-0082', 'STD-0004', 3, 2),
(110, 'GR-0082', 'STD-0004', 4, 3),
(111, 'GR-0082', 'STD-0004', 5, 4),
(112, 'GR-0082', 'STD-0004', 6, 5),
(113, 'GR-0082', 'STD-0004', 7, 4),
(114, 'GR-0082', 'STD-0004', 8, 5),
(115, 'GR-0082', 'STD-0004', 9, 5),
(116, 'GR-0082', 'STD-0004', 10, 5),
(117, 'GR-0082', 'STD-0004', 11, 4),
(118, 'GR-0089', 'STD-0004', 3, 3),
(119, 'GR-0089', 'STD-0004', 4, 4),
(120, 'GR-0089', 'STD-0004', 5, 5),
(121, 'GR-0089', 'STD-0004', 6, 5),
(122, 'GR-0089', 'STD-0004', 7, 5),
(123, 'GR-0089', 'STD-0004', 8, 5),
(124, 'GR-0089', 'STD-0004', 9, 5),
(125, 'GR-0089', 'STD-0004', 10, 4),
(126, 'GR-0089', 'STD-0004', 11, 3),
(127, 'GR-0048', 'STD-0004', 3, 3),
(128, 'GR-0048', 'STD-0004', 4, 2),
(129, 'GR-0048', 'STD-0004', 5, 3),
(130, 'GR-0048', 'STD-0004', 6, 4),
(131, 'GR-0048', 'STD-0004', 7, 5),
(132, 'GR-0048', 'STD-0004', 8, 3),
(133, 'GR-0048', 'STD-0004', 9, 4),
(134, 'GR-0048', 'STD-0004', 10, 4),
(135, 'GR-0048', 'STD-0004', 11, 5),
(136, 'GR-0090', 'STD-0004', 3, 3),
(137, 'GR-0090', 'STD-0004', 4, 4),
(138, 'GR-0090', 'STD-0004', 5, 5),
(139, 'GR-0090', 'STD-0004', 6, 5),
(140, 'GR-0090', 'STD-0004', 7, 5),
(141, 'GR-0090', 'STD-0004', 8, 5),
(142, 'GR-0090', 'STD-0004', 9, 3),
(143, 'GR-0090', 'STD-0004', 10, 3),
(144, 'GR-0090', 'STD-0004', 11, 4),
(145, 'GR-0006', 'STD-0004', 3, 3),
(146, 'GR-0006', 'STD-0004', 4, 4),
(147, 'GR-0006', 'STD-0004', 5, 4),
(148, 'GR-0006', 'STD-0004', 6, 3),
(149, 'GR-0006', 'STD-0004', 7, 4),
(150, 'GR-0006', 'STD-0004', 8, 4),
(151, 'GR-0006', 'STD-0004', 9, 5),
(152, 'GR-0006', 'STD-0004', 10, 2),
(153, 'GR-0006', 'STD-0004', 11, 4),
(154, 'GR-0046', 'STD-0004', 3, 4),
(155, 'GR-0046', 'STD-0004', 4, 5),
(156, 'GR-0046', 'STD-0004', 5, 4),
(157, 'GR-0046', 'STD-0004', 6, 4),
(158, 'GR-0046', 'STD-0004', 7, 3),
(159, 'GR-0046', 'STD-0004', 8, 3),
(160, 'GR-0046', 'STD-0004', 9, 4),
(161, 'GR-0046', 'STD-0004', 10, 5),
(162, 'GR-0046', 'STD-0004', 11, 5),
(163, 'GR-0065', 'STD-0004', 3, 3),
(164, 'GR-0065', 'STD-0004', 4, 4),
(165, 'GR-0065', 'STD-0004', 5, 5),
(166, 'GR-0065', 'STD-0004', 6, 5),
(167, 'GR-0065', 'STD-0004', 7, 4),
(168, 'GR-0065', 'STD-0004', 8, 4),
(169, 'GR-0065', 'STD-0004', 9, 4),
(170, 'GR-0065', 'STD-0004', 10, 5),
(171, 'GR-0065', 'STD-0004', 11, 4),
(172, 'GR-0046', 'STD-0005', 3, 5),
(173, 'GR-0046', 'STD-0005', 4, 4),
(174, 'GR-0046', 'STD-0005', 5, 4),
(175, 'GR-0046', 'STD-0005', 6, 1),
(176, 'GR-0046', 'STD-0005', 7, 4),
(177, 'GR-0046', 'STD-0005', 8, 5),
(178, 'GR-0046', 'STD-0005', 9, 2),
(179, 'GR-0046', 'STD-0005', 10, 1),
(180, 'GR-0046', 'STD-0005', 11, 1),
(181, 'GR-0082', 'STD-0005', 3, 4),
(182, 'GR-0082', 'STD-0005', 4, 5),
(183, 'GR-0082', 'STD-0005', 5, 5),
(184, 'GR-0082', 'STD-0005', 6, 1),
(185, 'GR-0082', 'STD-0005', 7, 5),
(186, 'GR-0082', 'STD-0005', 8, 5),
(187, 'GR-0082', 'STD-0005', 9, 4),
(188, 'GR-0082', 'STD-0005', 10, 2),
(189, 'GR-0082', 'STD-0005', 11, 3),
(190, 'GR-0078', 'STD-0005', 3, 5),
(191, 'GR-0078', 'STD-0005', 4, 5),
(192, 'GR-0078', 'STD-0005', 5, 5),
(193, 'GR-0078', 'STD-0005', 6, 5),
(194, 'GR-0078', 'STD-0005', 7, 5),
(195, 'GR-0078', 'STD-0005', 8, 5),
(196, 'GR-0078', 'STD-0005', 9, 5),
(197, 'GR-0078', 'STD-0005', 10, 4),
(198, 'GR-0078', 'STD-0005', 11, 5),
(199, 'GR-0071', 'STD-0005', 3, 4),
(200, 'GR-0071', 'STD-0005', 4, 5),
(201, 'GR-0071', 'STD-0005', 5, 5),
(202, 'GR-0071', 'STD-0005', 6, 5),
(203, 'GR-0071', 'STD-0005', 7, 2),
(204, 'GR-0071', 'STD-0005', 8, 5),
(205, 'GR-0071', 'STD-0005', 9, 4),
(206, 'GR-0071', 'STD-0005', 10, 5),
(207, 'GR-0071', 'STD-0005', 11, 5),
(208, 'GR-0006', 'STD-0005', 3, 4),
(209, 'GR-0006', 'STD-0005', 4, 5),
(210, 'GR-0006', 'STD-0005', 5, 5),
(211, 'GR-0006', 'STD-0005', 6, 5),
(212, 'GR-0006', 'STD-0005', 7, 2),
(213, 'GR-0006', 'STD-0005', 8, 2),
(214, 'GR-0006', 'STD-0005', 9, 2),
(215, 'GR-0006', 'STD-0005', 10, 3),
(216, 'GR-0006', 'STD-0005', 11, 5);

-- --------------------------------------------------------

--
-- Table structure for table `siswa`
--

CREATE TABLE `siswa` (
  `id` int NOT NULL,
  `kode` varchar(30) NOT NULL,
  `nis` int NOT NULL,
  `nama` varchar(150) NOT NULL,
  `jk` enum('L','P') NOT NULL,
  `id_kelas` int NOT NULL,
  `is_deleted` tinyint(1) NOT NULL DEFAULT '0'
) ENGINE=InnoDB DEFAULT CHARSET=latin1;

--
-- Dumping data for table `siswa`
--

INSERT INTO `siswa` (`id`, `kode`, `nis`, `nama`, `jk`, `id_kelas`, `is_deleted`) VALUES
(1, 'STD-0001', 192010001, 'Addin Zainul Adha', 'L', 53, 0),
(2, 'STD-0002', 192010002, 'Aghniya Fathaniah Putri R.', 'P', 53, 0),
(3, 'STD-0003', 192010003, 'Agus Irawan', 'L', 53, 0),
(4, 'STD-0004', 192010004, 'Ahmad Maulana Ilham', 'L', 53, 0),
(5, 'STD-0005', 192010005, 'Anggi Aresta', 'P', 53, 0),
(6, 'STD-0006', 192010006, 'Bagus Pirmanto', 'L', 53, 0),
(7, 'STD-0007', 192010007, 'Dwi Anggraeni', 'P', 53, 0),
(8, 'STD-0008', 192010008, 'Galan Firzatullah', 'L', 53, 0),
(9, 'STD-0009', 192010009, 'Hadi Multajam', 'L', 53, 0),
(10, 'STD-0010', 192010010, 'Hutami Nurul Istiqomah', 'P', 53, 0),
(11, 'STD-0011', 192010011, 'Ihsan Fadillah', 'L', 53, 0),
(12, 'STD-0012', 192010012, 'Mada Aulia', 'P', 53, 0),
(13, 'STD-0013', 192010013, 'Maulana Gofarudin', 'L', 53, 0),
(14, 'STD-0014', 192010014, 'Maulana Rizky Saputra', 'L', 53, 0),
(15, 'STD-0015', 192010015, 'Meilinda', 'P', 53, 0),
(16, 'STD-0016', 192010016, 'Mochamad Alif Alfian Syah', 'L', 53, 0),
(17, 'STD-0017', 192010017, 'Mohamad Rizki', 'L', 53, 0),
(18, 'STD-0018', 192010018, 'Muhamad Ilham Firdaus', 'L', 53, 0),
(19, 'STD-0019', 192010019, 'Muhamad Nurlatif', 'L', 53, 0),
(20, 'STD-0020', 192010020, 'Muhamad Zidane Kusuma D.', 'L', 53, 0),
(21, 'STD-0021', 192010021, 'Muhammad Daffa Raditha P.', 'L', 53, 0),
(22, 'STD-0022', 192010022, 'Muhammad Syamsul Hadi', 'L', 53, 0),
(23, 'STD-0023', 192010023, 'Nadia Syawalanti', 'P', 53, 0),
(24, 'STD-0024', 192010024, 'Novitri Wulan Rahma Dini', 'P', 53, 0),
(25, 'STD-0025', 192010025, 'Rachmat Fauzi', 'L', 53, 0),
(26, 'STD-0026', 192010026, 'Revika Febianti', 'P', 53, 0),
(27, 'STD-0027', 192010027, 'Revo Prambudi Al Athur', 'L', 53, 0),
(28, 'STD-0028', 192010028, 'Reyfika Youlanda', 'P', 53, 0),
(29, 'STD-0029', 192010029, 'Ridho Dirandika Azhar', 'L', 53, 0),
(30, 'STD-0030', 192010030, 'Rifa\'i', 'L', 53, 0),
(31, 'STD-0031', 192010031, 'Shela  Novi Alfitriyani', 'P', 53, 0),
(32, 'STD-0032', 192010032, 'Shinggih Pratama', 'L', 53, 0),
(33, 'STD-0033', 192010033, 'Tiara Azzahra', 'P', 53, 0),
(34, 'STD-0034', 192010034, 'Zetto Rino Adi Pratama', 'L', 54, 0),
(35, 'STD-0035', 192010035, 'Zidane Pratama', 'L', 54, 0),
(36, 'STD-0036', 192010036, 'Akhmad Malik Ibrahim', 'L', 54, 0),
(37, 'STD-0037', 192010037, 'Akhmad Tirta Prayoga', 'L', 54, 0),
(38, 'STD-0038', 192010038, 'Angga Supriyatno', 'L', 54, 0),
(39, 'STD-0039', 192010039, 'Arief Rahmat', 'L', 54, 0),
(40, 'STD-0040', 192010040, 'Bimo Danusela Herdadi', 'L', 54, 0),
(41, 'STD-0041', 192010041, 'Chamaliatu Aliyah', 'P', 54, 0),
(42, 'STD-0042', 192010042, 'Dimas Syahrodi Hikmal S.', 'L', 54, 0),
(43, 'STD-0043', 192010043, 'Eky Rachmat Prasetya', 'L', 54, 0),
(44, 'STD-0044', 192010044, 'Enjelita', 'P', 54, 0),
(45, 'STD-0045', 192010045, 'Ferdiansyah', 'L', 54, 0),
(46, 'STD-0046', 192010046, 'Galih Listya Nugraha', 'L', 54, 0),
(47, 'STD-0047', 192010047, 'Hermawan', 'L', 54, 0),
(48, 'STD-0048', 192010048, 'Khaerul Oktafiansyah', 'L', 54, 0),
(49, 'STD-0049', 192010049, 'Muhamad Fikri Ramadhan', 'L', 54, 0),
(50, 'STD-0050', 192010050, 'Muhamad Rizki Meinanda', 'L', 54, 0),
(51, 'STD-0051', 192010051, 'Muhammad Alfarizi', 'L', 54, 0),
(52, 'STD-0052', 192010052, 'Muhammad Arif Al Farizi', 'L', 54, 0),
(53, 'STD-0053', 192010053, 'Muhammad Faizal Zakky', 'L', 54, 0),
(54, 'STD-0054', 192010054, 'Muhammad Rian', 'L', 54, 0),
(55, 'STD-0055', 192010055, 'Mukhamad Fikri Andriansyah', 'L', 54, 0),
(56, 'STD-0056', 192010056, 'Naufal Farras Al Zacky', 'L', 54, 0),
(57, 'STD-0057', 192010057, 'Puspita', 'P', 54, 0),
(58, 'STD-0058', 192010058, 'Racheliya Salsabilla', 'P', 54, 0),
(59, 'STD-0059', 192010059, 'Rafi Wildan Alkhairy', 'L', 54, 0),
(60, 'STD-0060', 192010060, 'Rindu Havsari Salsabilah', 'P', 54, 0),
(61, 'STD-0061', 192010061, 'Rosyaida Fadilah', 'P', 54, 0),
(62, 'STD-0062', 192010062, 'Sahrul Sidik', 'L', 54, 0),
(63, 'STD-0063', 192010063, 'Salis Fatkhiyah', 'P', 54, 0),
(64, 'STD-0064', 192010064, 'Sarodin', 'L', 54, 0),
(65, 'STD-0065', 192010065, 'Sepi', 'L', 54, 0),
(66, 'STD-0066', 192010066, 'Sigit Faturahman', 'L', 54, 0),
(67, 'STD-0067', 192010067, 'Teguh Permana Aulia', 'L', 54, 0),
(68, 'STD-0068', 192010068, 'Tengku Rizal Amri', 'L', 54, 0),
(69, 'STD-0069', 192010069, 'Viviana Sheva Andini', 'P', 54, 0),
(70, 'STD-0070', 192010070, 'Yendra Mardiansyah', 'L', 54, 0),
(71, 'STD-0071', 192010499, 'Friendly Diva Ramadhan', 'L', 54, 0),
(72, 'STD-0072', 192010071, 'Aisyah Naia', 'P', 57, 0),
(73, 'STD-0073', 192010072, 'Amanda Nur Sabilah', 'P', 57, 0),
(74, 'STD-0074', 192010073, 'Annisa Fitri Rani', 'P', 57, 0),
(75, 'STD-0075', 192010074, 'Anton', 'L', 57, 0),
(76, 'STD-0076', 192010075, 'Arianatha Nugraha', 'L', 57, 0),
(77, 'STD-0077', 192010076, 'Aulia', 'P', 57, 0),
(78, 'STD-0078', 192010077, 'Bella Salsabila', 'P', 57, 0),
(79, 'STD-0079', 192010078, 'Bintang Anggraeni Sugianto', 'P', 57, 0),
(80, 'STD-0080', 192010079, 'Dia Novita', 'P', 57, 0),
(81, 'STD-0081', 192010080, 'Diana Sari', 'P', 57, 0),
(82, 'STD-0082', 192010081, 'Dinda Rizkyna', 'P', 57, 0),
(83, 'STD-0083', 192010082, 'Felissa Anom Heryani', 'P', 57, 0),
(84, 'STD-0084', 192010083, 'Hadi Pramono', 'L', 57, 0),
(85, 'STD-0085', 192010084, 'Haikal Rizky Muflikh', 'L', 57, 0),
(86, 'STD-0086', 192010085, 'Ikhsan Tiaz Setiawan', 'L', 57, 0),
(87, 'STD-0087', 192010086, 'Ine Sapitri', 'P', 57, 0),
(88, 'STD-0088', 192010087, 'Kartika', 'P', 57, 0),
(89, 'STD-0089', 192010088, 'Luis Aditya Ramadhan', 'L', 57, 0),
(90, 'STD-0090', 192010089, 'Murni', 'P', 57, 0),
(91, 'STD-0091', 192010090, 'Nurul Fadzillah', 'P', 57, 0),
(92, 'STD-0092', 192010091, 'Papas Pragawan', 'L', 57, 0),
(93, 'STD-0093', 192010092, 'Sevy Alifana', 'P', 57, 0),
(94, 'STD-0094', 192010093, 'Silvie Zahwa Ardiansyah', 'P', 57, 0),
(95, 'STD-0095', 192010094, 'Sri Laeli Rachmawati', 'P', 57, 0),
(96, 'STD-0096', 192010095, 'Syifa Aliya Nuraini', 'P', 57, 0),
(97, 'STD-0097', 192010096, 'Titin Khaerunisa', 'P', 57, 0),
(98, 'STD-0098', 192010097, 'Tri Widodo', 'L', 57, 0),
(99, 'STD-0099', 192010098, 'Vikrianti Humairah', 'P', 57, 0),
(100, 'STD-0100', 192010099, 'Vina Margaretha', 'P', 57, 0),
(101, 'STD-0101', 192010100, 'Vindy Maulia Safitri', 'P', 57, 0),
(102, 'STD-0102', 192010101, 'Yuda Pramudita', 'L', 57, 0),
(103, 'STD-0103', 192010500, 'Lisiana Dewi', 'P', 57, 0),
(104, 'STD-0104', 192010102, 'Ahmad Isfa Ali', 'L', 58, 0),
(105, 'STD-0105', 192010103, 'Ajrun Azhim', 'L', 58, 0),
(106, 'STD-0106', 192010104, 'Alfi Nafillah', 'P', 58, 0),
(107, 'STD-0107', 192010105, 'Amanda Suswati', 'P', 58, 0),
(108, 'STD-0108', 192010106, 'Azi Nugraha', 'L', 58, 0),
(109, 'STD-0109', 192010107, 'Balqis Sumarto', 'P', 58, 0),
(110, 'STD-0110', 192010108, 'Dikki Kurniawan Kuncoro', 'L', 58, 0),
(111, 'STD-0111', 192010109, 'Ellen Diyanti', 'P', 58, 0),
(112, 'STD-0112', 192010110, 'Eva Faradillah', 'P', 58, 0),
(113, 'STD-0113', 192010111, 'Iklimah Yohandi', 'P', 58, 0),
(114, 'STD-0114', 192010112, 'Ilham Tiaz Setiawan', 'L', 58, 0),
(115, 'STD-0115', 192010113, 'Juriyah', 'P', 58, 0),
(116, 'STD-0116', 192010114, 'Lidya Ristiani', 'P', 58, 0),
(117, 'STD-0117', 192010115, 'Lutfiyanti', 'P', 58, 0),
(118, 'STD-0118', 192010116, 'Moh. Yayat Hidayat', 'L', 58, 0),
(119, 'STD-0119', 192010117, 'Mohammad Hafid Alfarizki', 'L', 58, 0),
(120, 'STD-0120', 192010118, 'Muhamad Tabah', 'L', 58, 0),
(121, 'STD-0121', 192010119, 'Nabilla Reisha Akhilla Azis', 'P', 58, 0),
(122, 'STD-0122', 192010120, 'Nur Ayu Azimah', 'P', 58, 0),
(123, 'STD-0123', 192010121, 'Nyimas Nur Aulia F.S', 'P', 58, 0),
(124, 'STD-0124', 192010122, 'Rani Vina', 'P', 58, 0),
(125, 'STD-0125', 192010123, 'Rizky Nurhalizah', 'P', 58, 0),
(126, 'STD-0126', 192010124, 'Rosfa Allayda Virgie', 'P', 58, 0),
(127, 'STD-0127', 192010125, 'Sapriyadi', 'L', 58, 0),
(128, 'STD-0128', 192010126, 'Siti Nur Azizah', 'P', 58, 0),
(129, 'STD-0129', 192010127, 'Syabila Pingkan Nurfauziyah', 'P', 58, 0),
(130, 'STD-0130', 192010128, 'Syifa Maulida Andawiyah', 'P', 58, 0),
(131, 'STD-0131', 192010129, 'Tantri Maulid Nabila', 'P', 58, 0),
(132, 'STD-0132', 192010130, 'Valentino Rossi', 'L', 58, 0),
(133, 'STD-0133', 192010131, 'Yerika Sugiarti', 'P', 58, 0),
(134, 'STD-0134', 192010132, 'Yosua Ardian Simarmata', 'L', 58, 0),
(135, 'STD-0135', 192010133, 'Yuzar Anazar', 'L', 58, 0),
(136, 'STD-0136', 192010329, 'Ameliawati', 'P', 46, 0),
(137, 'STD-0137', 192010330, 'Ananda Sabrina Aulia F.', 'P', 46, 0),
(138, 'STD-0138', 192010331, 'Dewi Tantri', 'P', 46, 0),
(139, 'STD-0139', 192010332, 'Elisa', 'P', 46, 0),
(140, 'STD-0140', 192010333, 'Erica Pitaloca', 'P', 46, 0),
(141, 'STD-0141', 192010334, 'Esa Rahmah Wati', 'P', 46, 0),
(142, 'STD-0142', 192010335, 'Halimatus Sya`Diyah', 'P', 46, 0),
(143, 'STD-0143', 192010336, 'Ifania Putri', 'P', 46, 0),
(144, 'STD-0144', 192010337, 'Indah Amalia Khoirunnissa', 'P', 46, 0),
(145, 'STD-0145', 192010338, 'Indah Fithri Nurkamila', 'P', 46, 0),
(146, 'STD-0146', 192010339, 'Indriyani', 'P', 46, 0),
(147, 'STD-0147', 192010340, 'Jihan Maulidah', 'P', 46, 0),
(148, 'STD-0148', 192010341, 'Kanza Ramadhanty', 'P', 46, 0),
(149, 'STD-0149', 192010342, 'Karin Sintiya', 'P', 46, 0),
(150, 'STD-0150', 192010343, 'Karina Febriyanti', 'P', 46, 0),
(151, 'STD-0151', 192010344, 'Khusnul \'Aliyah', 'P', 46, 0),
(152, 'STD-0152', 192010345, 'Leny Sarinengsih', 'P', 46, 0),
(153, 'STD-0153', 192010346, 'Lusi Alfarenza', 'P', 46, 0),
(154, 'STD-0154', 192010347, 'Nabila Indah Mufidah', 'P', 46, 0),
(155, 'STD-0155', 192010348, 'Nadya Tivani', 'P', 46, 0),
(156, 'STD-0156', 192010349, 'Nindi Aulia', 'P', 46, 0),
(157, 'STD-0157', 192010350, 'Nirmala Egita', 'P', 46, 0),
(158, 'STD-0158', 192010351, 'Novi Yani', 'P', 46, 0),
(159, 'STD-0159', 192010352, 'Nur Fahdila', 'P', 46, 0),
(160, 'STD-0160', 192010353, 'Puja Indriyanti', 'P', 46, 0),
(161, 'STD-0161', 192010354, 'Puput Monica', 'P', 46, 0),
(162, 'STD-0162', 192010355, 'Salwa Noviantika', 'P', 46, 0),
(163, 'STD-0163', 192010356, 'Shofwatul Maula', 'P', 46, 0),
(164, 'STD-0164', 192010357, 'Sindy Legi Purnasari', 'P', 46, 0),
(165, 'STD-0165', 192010358, 'Siti Aisyah Putri', 'P', 46, 0),
(166, 'STD-0166', 192010359, 'Waisah', 'P', 46, 0),
(167, 'STD-0167', 192010360, 'Winda Rosmala Dewi', 'P', 46, 0),
(168, 'STD-0168', 192010361, 'Adinda Fauziah', 'P', 47, 0),
(169, 'STD-0169', 192010362, 'Aisyah Nur Amini', 'P', 47, 0),
(170, 'STD-0170', 192010363, 'Aldonna Malvines', 'P', 47, 0),
(171, 'STD-0171', 192010364, 'Alifia Qodriyah', 'P', 47, 0),
(172, 'STD-0172', 192010365, 'Amanda Salsabila Laffia T.', 'P', 47, 0),
(173, 'STD-0173', 192010366, 'Amelia Tri Lestari', 'P', 47, 0),
(174, 'STD-0174', 192010367, 'Anisa Nurul Sabillah', 'P', 47, 0),
(175, 'STD-0175', 192010368, 'Ega Frisila', 'P', 47, 0),
(176, 'STD-0176', 192010369, 'Elisa Ramadhani', 'P', 47, 0),
(177, 'STD-0177', 192010370, 'Elsa Afril Liyaningsih', 'P', 47, 0),
(178, 'STD-0178', 192010371, 'Fininda Oktadiyanti', 'P', 47, 0),
(179, 'STD-0179', 192010372, 'Ika Fijriya', 'P', 47, 0),
(180, 'STD-0180', 192010373, 'Ika Novantika', 'P', 47, 0),
(181, 'STD-0181', 192010374, 'Ina Aura Salsabilah', 'P', 47, 0),
(182, 'STD-0182', 192010375, 'Indah', 'P', 47, 0),
(183, 'STD-0183', 192010376, 'Irma Sulasih', 'P', 47, 0),
(184, 'STD-0184', 192010377, 'Meylina Safitri', 'P', 47, 0),
(185, 'STD-0185', 192010378, 'Nesha Lavenia', 'P', 47, 0),
(186, 'STD-0186', 192010379, 'Nita Setiyaningsih', 'P', 47, 0),
(187, 'STD-0187', 192010380, 'Novalia', 'P', 47, 0),
(188, 'STD-0188', 192010381, 'Nur Aeni', 'P', 47, 0),
(189, 'STD-0189', 192010382, 'Nur Hidayah', 'P', 47, 0),
(190, 'STD-0190', 192010383, 'Putri Amalia Nurqotimah', 'P', 47, 0),
(191, 'STD-0191', 192010384, 'Putri Laesa Komalawati', 'P', 47, 0),
(192, 'STD-0192', 192010385, 'Putri Sulistina', 'P', 47, 0),
(193, 'STD-0193', 192010386, 'Putri Widiya Sari', 'P', 47, 0),
(194, 'STD-0194', 192010387, 'Rita Mumtazah', 'P', 47, 0),
(195, 'STD-0195', 192010388, 'Silfi Eka Amanda Sari', 'P', 47, 0),
(196, 'STD-0196', 192010389, 'Siti Khumaeroh', 'P', 47, 0),
(197, 'STD-0197', 192010390, 'Siti Rikhanah', 'P', 47, 0),
(198, 'STD-0198', 192010391, 'Siti Rokayah', 'P', 47, 0),
(199, 'STD-0199', 192010392, 'Teti Hadawiyah', 'P', 47, 0),
(200, 'STD-0200', 192010393, 'Wulan Ayuningtias', 'P', 47, 0),
(201, 'STD-0201', 192010394, 'Yovi Oktavia', 'P', 47, 0),
(202, 'STD-0202', 192010395, 'Zakia Salsa Nabiella', 'P', 47, 0),
(203, 'STD-0203', 192010396, 'Aan Nur Hanifah', 'P', 48, 0),
(204, 'STD-0204', 192010397, 'Affrilia Desty Apriestika', 'P', 48, 0),
(205, 'STD-0205', 192010398, 'Amellia Andjani', 'P', 48, 0),
(206, 'STD-0206', 192010399, 'Anjeliawati', 'P', 48, 0),
(207, 'STD-0207', 192010400, 'Asyifa Maulani', 'P', 48, 0),
(208, 'STD-0208', 192010401, 'Aulia Ervianti', 'P', 48, 0),
(209, 'STD-0209', 192010402, 'Dea Friska Yunita', 'P', 48, 0),
(210, 'STD-0210', 192010403, 'Desi Alfiyani', 'P', 48, 0),
(211, 'STD-0211', 192010404, 'Divany Lu\'lu Ulfannahtul Z.', 'P', 48, 0),
(212, 'STD-0212', 192010405, 'Eka Budiarti', 'P', 48, 0),
(213, 'STD-0213', 192010406, 'Elga Oktafia Putri', 'P', 48, 0),
(214, 'STD-0214', 192010407, 'Farah Elen Angelita', 'P', 48, 0),
(215, 'STD-0215', 192010408, 'Farhanah', 'P', 48, 0),
(216, 'STD-0216', 192010409, 'Fitri Fadhillah', 'P', 48, 0),
(217, 'STD-0217', 192010410, 'Hasna Halimatussa\'diyah SP.', 'P', 48, 0),
(218, 'STD-0218', 192010411, 'Ida Sapitri', 'P', 48, 0),
(219, 'STD-0219', 192010412, 'Indriyanthi Apriliani', 'P', 48, 0),
(220, 'STD-0220', 192010413, 'Intan Fadillah Gunawan', 'P', 48, 0),
(221, 'STD-0221', 192010414, 'Lie Maulidiyah', 'P', 48, 0),
(222, 'STD-0222', 192010415, 'Lily Tira Depuri', 'P', 48, 0),
(223, 'STD-0223', 192010416, 'Lisdianti', 'P', 48, 0),
(224, 'STD-0224', 192010417, 'Melina Nur Adinda', 'P', 48, 0),
(225, 'STD-0225', 192010418, 'Mila', 'P', 48, 0),
(226, 'STD-0226', 192010419, 'Nasya Rimadani', 'P', 48, 0),
(227, 'STD-0227', 192010420, 'Nia Elliya', 'P', 48, 0),
(228, 'STD-0228', 192010421, 'Nilam Ratu Ningsih', 'P', 48, 0),
(229, 'STD-0229', 192010422, 'Olivia Nur Yanti', 'P', 48, 0),
(230, 'STD-0230', 192010423, 'Patmawati', 'P', 48, 0),
(231, 'STD-0231', 192010424, 'Prita Nirmala', 'P', 48, 0),
(232, 'STD-0232', 192010425, 'Rindiyani', 'P', 48, 0),
(233, 'STD-0233', 192010426, 'Rizki Nur Samsiyah', 'P', 48, 0),
(234, 'STD-0234', 192010427, 'Shabrina Maulidya', 'P', 48, 0),
(235, 'STD-0235', 192010428, 'Shelika Azzahra', 'P', 48, 0),
(236, 'STD-0236', 192010429, 'Siska Indriyani', 'P', 48, 0),
(237, 'STD-0237', 192010430, 'Stevani Fitriana', 'P', 48, 0),
(238, 'STD-0238', 192010134, 'Agung Muhammad Abduh', 'L', 50, 0),
(239, 'STD-0239', 192010135, 'Amanda Nurfadillah', 'P', 50, 0),
(240, 'STD-0240', 192010136, 'Aprizal Nakir', 'L', 50, 0),
(241, 'STD-0241', 192010137, 'Areej Haryuni', 'P', 50, 0),
(242, 'STD-0242', 192010138, 'Ari Riya', 'L', 50, 0),
(243, 'STD-0243', 192010139, 'Astriyana', 'P', 50, 0),
(244, 'STD-0244', 192010140, 'Bintang Maharani', 'P', 50, 0),
(245, 'STD-0245', 192010141, 'Della Aullia', 'P', 50, 0),
(246, 'STD-0246', 192010142, 'Dhavina Atika Fianty', 'P', 50, 0),
(247, 'STD-0247', 192010143, 'Dian Lestari', 'P', 50, 0),
(248, 'STD-0248', 192010144, 'Elok Sania', 'P', 50, 0),
(249, 'STD-0249', 192010145, 'Enjel Cariska', 'P', 50, 0),
(250, 'STD-0250', 192010146, 'Febri Budiyanti', 'P', 50, 0),
(251, 'STD-0251', 192010147, 'Intan', 'P', 50, 0),
(252, 'STD-0252', 192010148, 'Minhatus Saniyah', 'P', 50, 0),
(253, 'STD-0253', 192010149, 'Mohamad Sheva Ekalaya', 'L', 50, 0),
(254, 'STD-0254', 192010150, 'Muhammad Ilham', 'L', 50, 0),
(255, 'STD-0255', 192010151, 'Nur Annisa', 'P', 50, 0),
(256, 'STD-0256', 192010152, 'Passi Agung Prayogi', 'L', 50, 0),
(257, 'STD-0257', 192010153, 'Patin', 'P', 50, 0),
(258, 'STD-0258', 192010154, 'Priadi Windana', 'L', 50, 0),
(259, 'STD-0259', 192010155, 'Putri Zalfa Zahira', 'P', 50, 0),
(260, 'STD-0260', 192010156, 'Resanolita', 'P', 50, 0),
(261, 'STD-0261', 192010157, 'Riki Radiyansyah', 'L', 50, 0),
(262, 'STD-0262', 192010158, 'Rizky Adelia', 'P', 50, 0),
(263, 'STD-0263', 192010159, 'Salwaa Salsabila', 'P', 50, 0),
(264, 'STD-0264', 192010160, 'Siti Rahma', 'P', 50, 0),
(265, 'STD-0265', 192010161, 'Siti Zahra', 'P', 50, 0),
(266, 'STD-0266', 192010162, 'Syifa Amalia Nurjannah', 'P', 50, 0),
(267, 'STD-0267', 192010163, 'Vegy Destianty', 'P', 50, 0),
(268, 'STD-0268', 192010164, 'Wina Hanapiyah Prawita', 'P', 50, 0),
(269, 'STD-0269', 192010165, 'Zahrotul Habibah', 'P', 50, 0),
(270, 'STD-0270', 192010166, 'Absal Irhas', 'L', 51, 0),
(271, 'STD-0271', 192010167, 'Adinda Rina Amandha', 'P', 51, 0),
(272, 'STD-0272', 192010168, 'Afifatunnisa', 'P', 51, 0),
(273, 'STD-0273', 192010169, 'Aisha Noor Andani', 'P', 51, 0),
(274, 'STD-0274', 192010170, 'Amelia', 'P', 51, 0),
(275, 'STD-0275', 192010171, 'Anis Silvia', 'P', 51, 0),
(276, 'STD-0276', 192010172, 'Arimbi', 'P', 51, 0),
(277, 'STD-0277', 192010173, 'Aulia Fikriyah', 'P', 51, 0),
(278, 'STD-0278', 192010174, 'Aulia Fitria Sari', 'P', 51, 0),
(279, 'STD-0279', 192010175, 'Ayu Juliya', 'P', 51, 0),
(280, 'STD-0280', 192010176, 'Chika Novandini', 'P', 51, 0),
(281, 'STD-0281', 192010177, 'Depi Mulyani', 'P', 51, 0),
(282, 'STD-0282', 192010178, 'Devi Rolanysa', 'P', 51, 0),
(283, 'STD-0283', 192010179, 'Dewi Quraesin', 'P', 51, 0),
(284, 'STD-0284', 192010180, 'Diashifa Khusnul K.', 'P', 51, 0),
(285, 'STD-0285', 192010181, 'Dinda Aulia', 'P', 51, 0),
(286, 'STD-0286', 192010182, 'Diva Dwi Elvyra', 'P', 51, 0),
(287, 'STD-0287', 192010183, 'Elpi', 'P', 51, 0),
(288, 'STD-0288', 192010184, 'Enggit Hareyan', 'P', 51, 0),
(289, 'STD-0289', 192010185, 'Hilda Yolanda', 'P', 51, 0),
(290, 'STD-0290', 192010186, 'Indah Alfiyah', 'P', 51, 0),
(291, 'STD-0291', 192010187, 'Karlina', 'P', 51, 0),
(292, 'STD-0292', 192010188, 'Kristin Haryani', 'P', 51, 0),
(293, 'STD-0293', 192010189, 'Minhatun Nabilah', 'P', 51, 0),
(294, 'STD-0294', 192010190, 'Muhamad Imron', 'L', 51, 0),
(295, 'STD-0295', 192010191, 'Nurainah', 'P', 51, 0),
(296, 'STD-0296', 192010192, 'Renanda Yayang', 'P', 51, 0),
(297, 'STD-0297', 192010193, 'Selvi Meiviani Redianti', 'P', 51, 0),
(298, 'STD-0298', 192010194, 'Siti Nur Habibah', 'P', 51, 0),
(299, 'STD-0299', 192010195, 'Subkhan', 'L', 51, 0),
(300, 'STD-0300', 192010196, 'Suli Yanti Indah Lestari', 'P', 51, 0),
(301, 'STD-0301', 192010197, 'Tri Wulan', 'P', 51, 0),
(302, 'STD-0302', 192010198, 'Akhmad Rifa\'i', 'L', 52, 0),
(303, 'STD-0303', 192010199, 'Angghita Dewi Septiany', 'P', 52, 0),
(304, 'STD-0304', 192010200, 'Anita Fidya Ningsih', 'P', 52, 0),
(305, 'STD-0305', 192010201, 'Auliza Tiara Azzahra', 'P', 52, 0),
(306, 'STD-0306', 192010202, 'Cipta Cendikia Pitaloka', 'P', 52, 0),
(307, 'STD-0307', 192010203, 'Dahli Riati', 'P', 52, 0),
(308, 'STD-0308', 192010204, 'Devia Adinda Setiawan', 'P', 52, 0),
(309, 'STD-0309', 192010205, 'Difa Anindya Safira', 'P', 52, 0),
(310, 'STD-0310', 192010206, 'Erla Deliyana', 'P', 52, 0),
(311, 'STD-0311', 192010207, 'Farhan Pratama Putra', 'L', 52, 0),
(312, 'STD-0312', 192010208, 'Feni Feriah', 'P', 52, 0),
(313, 'STD-0313', 192010209, 'Fitri Noviyanti', 'P', 52, 0),
(314, 'STD-0314', 192010210, 'Khoerunnisa', 'P', 52, 0),
(315, 'STD-0315', 192010211, 'Lely Afemelia Bisri', 'P', 52, 0),
(316, 'STD-0316', 192010212, 'Lis Fadillah', 'P', 52, 0),
(317, 'STD-0317', 192010213, 'Lusi Rahmawati', 'P', 52, 0),
(318, 'STD-0318', 192010214, 'Muhammad Ari Muarif', 'L', 52, 0),
(319, 'STD-0319', 192010215, 'Muhammad Dzikri Fauzi', 'L', 52, 0),
(320, 'STD-0320', 192010216, 'Muhammad Fathir MH.', 'L', 52, 0),
(321, 'STD-0321', 192010217, 'Nairodatina', 'P', 52, 0),
(322, 'STD-0322', 192010218, 'Nur Fatkhanah', 'P', 52, 0),
(323, 'STD-0323', 192010219, 'Nur Habibah', 'P', 52, 0),
(324, 'STD-0324', 192010220, 'Nurjayanti Listiana Putri', 'P', 52, 0),
(325, 'STD-0325', 192010221, 'Putri Inayah', 'P', 52, 0),
(326, 'STD-0326', 192010222, 'R. Rayhan Syaputra', 'L', 52, 0),
(327, 'STD-0327', 192010223, 'Rifqi Hardiansyah', 'L', 52, 0),
(328, 'STD-0328', 192010224, 'Sanju Efendi', 'L', 52, 0),
(329, 'STD-0329', 192010225, 'Santiya', 'P', 52, 0),
(330, 'STD-0330', 192010226, 'Sulistiawati', 'P', 52, 0),
(331, 'STD-0331', 192010227, 'Vivi Alfiah Fatmawati', 'P', 52, 0),
(332, 'STD-0332', 192010228, 'Wahyu Renaldi', 'L', 52, 0),
(333, 'STD-0333', 192010229, 'Ahmad Maulana Yusuf', 'L', 91, 0),
(334, 'STD-0334', 192010230, 'Alya Vanesha', 'P', 91, 0),
(335, 'STD-0335', 192010231, 'Ayu Indriani', 'P', 91, 0),
(336, 'STD-0336', 192010232, 'Bagas Aditya Riswandi', 'L', 91, 0),
(337, 'STD-0337', 192010233, 'Chintya Dwi Yanti', 'P', 91, 0),
(338, 'STD-0338', 192010234, 'Dewi Puspita Sari', 'P', 91, 0),
(339, 'STD-0339', 192010235, 'Dian Nita Aryani', 'P', 91, 0),
(340, 'STD-0340', 192010236, 'Dian Purbaningrum', 'P', 91, 0),
(341, 'STD-0341', 192010237, 'Enggar Pramoto', 'L', 91, 0),
(342, 'STD-0342', 192010238, 'Irbah Yumna Arelia', 'P', 91, 0),
(343, 'STD-0343', 192010239, 'Jemmy Prayoga', 'L', 91, 0),
(344, 'STD-0344', 192010240, 'Jesika', 'P', 91, 0),
(345, 'STD-0345', 192010241, 'Karina', 'P', 91, 0),
(346, 'STD-0346', 192010242, 'Mohamad Dafa Bakti P.', 'L', 91, 0),
(347, 'STD-0347', 192010243, 'Muhamad Aflah Alfitodi', 'L', 91, 0),
(348, 'STD-0348', 192010244, 'Nurkholisah', 'P', 91, 0),
(349, 'STD-0349', 192010245, 'Pinawati Sriwulan', 'P', 91, 0),
(350, 'STD-0350', 192010246, 'Putri Juleha', 'P', 91, 0),
(351, 'STD-0351', 192010247, 'Radhita Syafarillah', 'P', 91, 0),
(352, 'STD-0352', 192010248, 'Renaldi', 'L', 91, 0),
(353, 'STD-0353', 192010249, 'Sabilla Tiara Putri', 'P', 91, 0),
(354, 'STD-0354', 192010250, 'Sekar Zalianty Nur F', 'P', 91, 0),
(355, 'STD-0355', 192010251, 'Silviezy Romyulaesi', 'P', 91, 0),
(356, 'STD-0356', 192010252, 'Siti Fatma Ayu', 'P', 91, 0),
(357, 'STD-0357', 192010253, 'Sri Yani', 'P', 91, 0),
(358, 'STD-0358', 192010254, 'Tiara Diahtantri R.', 'P', 91, 0),
(359, 'STD-0359', 192010255, 'Tri Agustin', 'P', 91, 0),
(360, 'STD-0360', 192010256, 'Tria Rahmawati', 'P', 91, 0),
(361, 'STD-0361', 192010257, 'Tuti Anisah Sopandi', 'P', 91, 0),
(362, 'STD-0362', 192010258, 'Ulfiah Fatmawati', 'P', 91, 0),
(363, 'STD-0363', 192010259, 'Vina Januarti', 'P', 91, 0),
(364, 'STD-0364', 192010431, 'Annisa Najwa Safira', 'P', 55, 0),
(365, 'STD-0365', 192010432, 'Aulia Fitriani', 'P', 55, 0),
(366, 'STD-0366', 192010433, 'Daffa Alby Andrea', 'L', 55, 0),
(367, 'STD-0367', 192010434, 'Dany Akhlis Adrian', 'L', 55, 0),
(368, 'STD-0368', 192010435, 'Deani Rosida', 'P', 55, 0),
(369, 'STD-0369', 192010436, 'Devi Ayunda Lestari', 'P', 55, 0),
(370, 'STD-0370', 192010437, 'Devi Syaputri', 'P', 55, 0),
(371, 'STD-0371', 192010438, 'Dewi Rosa', 'P', 55, 0),
(372, 'STD-0372', 192010439, 'Diana Sartika', 'P', 55, 0),
(373, 'STD-0373', 192010440, 'Dini Maylina', 'P', 55, 0),
(374, 'STD-0374', 192010441, 'Erina', 'P', 55, 0),
(375, 'STD-0375', 192010442, 'Fajar Hidayat', 'L', 55, 0),
(376, 'STD-0376', 192010443, 'Farizqi Dikri', 'L', 55, 0),
(377, 'STD-0377', 192010444, 'Fauziah Tri Apriliani', 'P', 55, 0),
(378, 'STD-0378', 192010445, 'Gilang Permana Putra', 'L', 55, 0),
(379, 'STD-0379', 192010446, 'Intan Lestari', 'P', 55, 0),
(380, 'STD-0380', 192010447, 'Jingga Putri Paiza', 'P', 55, 0),
(381, 'STD-0381', 192010448, 'Meli Andani', 'P', 55, 0),
(382, 'STD-0382', 192010449, 'Mohamad Gozali', 'L', 55, 0),
(383, 'STD-0383', 192010450, 'Mohammad Zidan Maulana', 'L', 55, 0),
(384, 'STD-0384', 192010451, 'Muhammad Sultan Panji', 'L', 55, 0),
(385, 'STD-0385', 192010452, 'Nathasya Fadhillah', 'P', 55, 0),
(386, 'STD-0386', 192010453, 'Nela Nurhazizah', 'P', 55, 0),
(387, 'STD-0387', 192010454, 'Novitasari', 'P', 55, 0),
(388, 'STD-0388', 192010455, 'Ratih Rafa Suliza', 'P', 55, 0),
(389, 'STD-0389', 192010456, 'Riska Mellyana', 'P', 55, 0),
(390, 'STD-0390', 192010457, 'Riska Oktaviana', 'P', 55, 0),
(391, 'STD-0391', 192010458, 'Riski Sadam', 'L', 55, 0),
(392, 'STD-0392', 192010459, 'Roudhotul Jannah', 'P', 55, 0),
(393, 'STD-0393', 192010460, 'Santoso', 'L', 55, 0),
(394, 'STD-0394', 192010461, 'Shafira Nur Shifani Aulia', 'P', 55, 0),
(395, 'STD-0395', 192010462, 'Tiara Avindalianty Putri', 'P', 55, 0),
(396, 'STD-0396', 192010463, 'Wahyudi', 'L', 55, 0),
(397, 'STD-0397', 192010464, 'Widi Ilham Wahyudi', 'L', 55, 0),
(398, 'STD-0398', 192010465, 'Yogie Vebrianto', 'L', 55, 0),
(399, 'STD-0399', 192010466, 'Ageng Dewi Rahayu', 'P', 56, 0),
(400, 'STD-0400', 192010467, 'Ali Fadli', 'L', 56, 0),
(401, 'STD-0401', 192010468, 'Atnesi', 'P', 56, 0),
(402, 'STD-0402', 192010469, 'AuliaAgista Lesmana', 'P', 56, 0),
(403, 'STD-0403', 192010470, 'Dea  Fadillah', 'P', 56, 0),
(404, 'STD-0404', 192010471, 'Devi Anggraeni', 'P', 56, 0),
(405, 'STD-0405', 192010472, 'Dhea Lestari', 'P', 56, 0),
(406, 'STD-0406', 192010473, 'Far\'i Firdaus', 'L', 56, 0),
(407, 'STD-0407', 192010474, 'Feby Nurkhayati', 'P', 56, 0),
(408, 'STD-0408', 192010475, 'Fiyana Trijuni', 'P', 56, 0),
(409, 'STD-0409', 192010476, 'Hanum Falaisa', 'P', 56, 0),
(410, 'STD-0410', 192010477, 'Irlin Amelia Putri', 'P', 56, 0),
(411, 'STD-0411', 192010478, 'Khairunnisa', 'P', 56, 0),
(412, 'STD-0412', 192010479, 'Layda Azzahra', 'P', 56, 0),
(413, 'STD-0413', 192010480, 'Lika Tianda', 'P', 56, 0),
(414, 'STD-0414', 192010481, 'Lusi Rahmawati', 'P', 56, 0),
(415, 'STD-0415', 192010482, 'Mahardika', 'L', 56, 0),
(416, 'STD-0416', 192010483, 'Muzdalifah', 'P', 56, 0),
(417, 'STD-0417', 192010484, 'Nessa Wulantari', 'P', 56, 0),
(418, 'STD-0418', 192010485, 'Nur Kamal', 'L', 56, 0),
(419, 'STD-0419', 192010486, 'Nurhidayah Saputra', 'L', 56, 0),
(420, 'STD-0420', 192010487, 'Nurul Hayati', 'P', 56, 0),
(421, 'STD-0421', 192010488, 'Panji Maulindo Pradana', 'L', 56, 0),
(422, 'STD-0422', 192010489, 'Puja Ayu Amelia', 'P', 56, 0),
(423, 'STD-0423', 192010490, 'Ramshal Hussein', 'L', 56, 0),
(424, 'STD-0424', 192010491, 'Rayhan Rahadian', 'L', 56, 0),
(425, 'STD-0425', 192010492, 'Salma Ayu Sanad', 'P', 56, 0),
(426, 'STD-0426', 192010493, 'Sidik Maulana', 'L', 56, 0),
(427, 'STD-0427', 192010494, 'Siti  Azzahra', 'P', 56, 0),
(428, 'STD-0428', 192010495, 'Suci Nurjannah', 'P', 56, 0),
(429, 'STD-0429', 192010496, 'Sunipah', 'P', 56, 0),
(430, 'STD-0430', 192010497, 'Tasya Nadila Maharani', 'P', 56, 0),
(431, 'STD-0431', 192010498, 'Winda Nurihalizah', 'P', 56, 0),
(432, 'STD-0432', 192010260, 'Ahmad Wahid Ramadhan', 'L', 59, 0),
(433, 'STD-0433', 192010261, 'Alifah Salsabilah', 'P', 59, 0),
(434, 'STD-0434', 192010262, 'Alissa Eka Rahmawati', 'P', 59, 0),
(435, 'STD-0435', 192010263, 'Andin Safitri', 'P', 59, 0),
(436, 'STD-0436', 192010264, 'Angel Paulina N', 'P', 59, 0),
(437, 'STD-0437', 192010265, 'Aninda Sari', 'P', 59, 0),
(438, 'STD-0438', 192010266, 'Dea Shafitri', 'P', 59, 0),
(439, 'STD-0439', 192010267, 'Desi Hilwatun Nisa', 'P', 59, 0),
(440, 'STD-0440', 192010268, 'Dewi Aprillavien Syahrani', 'P', 59, 0),
(441, 'STD-0441', 192010269, 'Fani Ayu Oktapia', 'P', 59, 0),
(442, 'STD-0442', 192010270, 'Firly Hernanda', 'P', 59, 0),
(443, 'STD-0443', 192010271, 'Gerby Derisciana Nafa K.', 'P', 59, 0),
(444, 'STD-0444', 192010272, 'Inka Audy Syahariani', 'P', 59, 0),
(445, 'STD-0445', 192010273, 'Intan Fathyarani Nurpratiwi', 'P', 59, 0),
(446, 'STD-0446', 192010274, 'Linda', 'P', 59, 0),
(447, 'STD-0447', 192010275, 'Mariska Fitriliya', 'P', 59, 0),
(448, 'STD-0448', 192010276, 'Miranda Fatmawati', 'P', 59, 0),
(449, 'STD-0449', 192010277, 'Muhammad Irfan Rakken', 'L', 59, 0),
(450, 'STD-0450', 192010278, 'Nadya Putri Zahrani', 'P', 59, 0),
(451, 'STD-0451', 192010279, 'Okha Oktavian', 'L', 59, 0),
(452, 'STD-0452', 192010280, 'Ramadhan Sanjaya', 'L', 59, 0),
(453, 'STD-0453', 192010281, 'Ratu Zhelytha Vania Tiara P.', 'P', 59, 0),
(454, 'STD-0454', 192010282, 'Rere Marssenda', 'P', 59, 0),
(455, 'STD-0455', 192010283, 'Reynaldi', 'L', 59, 0),
(456, 'STD-0456', 192010284, 'Rostika', 'P', 59, 0),
(457, 'STD-0457', 192010285, 'Saskia Putri', 'P', 59, 0),
(458, 'STD-0458', 192010286, 'Shiva Khalila Spannes', 'P', 59, 0),
(459, 'STD-0459', 192010287, 'Sifa Tri Nopiyanti', 'P', 59, 0),
(460, 'STD-0460', 192010288, 'Sintiyani Fatikha Rizki', 'P', 59, 0),
(461, 'STD-0461', 192010289, 'Siti Aisha Nurcita', 'P', 59, 0),
(462, 'STD-0462', 192010290, 'Siti Aliyana Safitri', 'P', 59, 0),
(463, 'STD-0463', 192010291, 'Syusinka Rahmatika', 'P', 59, 0),
(464, 'STD-0464', 192010292, 'Vici Amalia Purbaningrat', 'P', 59, 0),
(465, 'STD-0465', 192010293, 'Vina', 'P', 59, 0),
(466, 'STD-0466', 192010294, 'Vira Larassati', 'P', 59, 0),
(467, 'STD-0467', 192010295, 'Aditya Firnanda', 'L', 60, 0),
(468, 'STD-0468', 192010296, 'Aisyah Ghina Rahayu', 'P', 60, 0),
(469, 'STD-0469', 192010297, 'Ajeng Agisna', 'P', 60, 0),
(470, 'STD-0470', 192010298, 'Ajeng Putri Andini', 'P', 60, 0),
(471, 'STD-0471', 192010299, 'Ajeng Putri Wulan Guritno', 'P', 60, 0),
(472, 'STD-0472', 192010300, 'Ameliya', 'P', 60, 0),
(473, 'STD-0473', 192010301, 'Anisa', 'P', 60, 0),
(474, 'STD-0474', 192010302, 'Atikah Wulandari', 'P', 60, 0),
(475, 'STD-0475', 192010303, 'Azahra Nur Salsabilla', 'P', 60, 0),
(476, 'STD-0476', 192010304, 'Bagus Rivaldi', 'L', 60, 0),
(477, 'STD-0477', 192010305, 'Dea Nursyahlia', 'P', 60, 0),
(478, 'STD-0478', 192010306, 'Devi', 'P', 60, 0),
(479, 'STD-0479', 192010307, 'Dinah Lestari', 'P', 60, 0),
(480, 'STD-0480', 192010308, 'Fara Disya Nurahmah', 'P', 60, 0),
(481, 'STD-0481', 192010309, 'Fhindy Firmansyah', 'L', 60, 0),
(482, 'STD-0482', 192010310, 'Inaya', 'P', 60, 0),
(483, 'STD-0483', 192010311, 'Khumaero Uzzahro', 'P', 60, 0),
(484, 'STD-0484', 192010312, 'Lola Patrisia', 'P', 60, 0),
(485, 'STD-0485', 192010313, 'Marcellius Zefanya Aprillio', 'L', 60, 0),
(486, 'STD-0486', 192010314, 'Mohammad Reza Azhari', 'L', 60, 0),
(487, 'STD-0487', 192010315, 'Muhammad Ilham Maulana', 'L', 60, 0),
(488, 'STD-0488', 192010316, 'Nur Ratnasari', 'P', 60, 0),
(489, 'STD-0489', 192010317, 'Nurul Aftika', 'P', 60, 0),
(490, 'STD-0490', 192010318, 'Putri Ameilia Andani', 'P', 60, 0),
(491, 'STD-0491', 192010319, 'Putri Yunita', 'P', 60, 0),
(492, 'STD-0492', 192010320, 'Rosmawati', 'P', 60, 0),
(493, 'STD-0493', 192010321, 'Serli', 'P', 60, 0),
(494, 'STD-0494', 192010322, 'Shafira Zahru', 'P', 60, 0),
(495, 'STD-0495', 192010323, 'Syafa Salsabillah', 'P', 60, 0),
(496, 'STD-0496', 192010324, 'Syifa Salsabillah', 'P', 60, 0),
(497, 'STD-0497', 192010325, 'Tarissa', 'P', 60, 0),
(498, 'STD-0498', 192010326, 'Tessa Maya Yulianti', 'P', 60, 0),
(499, 'STD-0499', 192010327, 'Tiara Indah Nurlatifah', 'P', 60, 0),
(500, 'STD-0500', 192010328, 'Vina Rahayu Dewi', 'P', 60, 0),
(501, 'STD-0501', 181910001, 'Aan Antono', 'L', 68, 0),
(502, 'STD-0502', 181910002, 'Adisty', 'P', 68, 0),
(503, 'STD-0503', 181910003, 'Ahmad Riqqoh Hauzan', 'L', 68, 0),
(504, 'STD-0504', 181910004, 'Ali Alamsyah', 'L', 68, 0),
(505, 'STD-0505', 181910005, 'Ananda Yuke Dermawan', 'L', 68, 0),
(506, 'STD-0506', 181910006, 'Ari Dipayana', 'L', 68, 0),
(507, 'STD-0507', 181910007, 'Citra Belinda', 'P', 68, 0),
(508, 'STD-0508', 181910008, 'Devi', 'P', 68, 0),
(509, 'STD-0509', 181910009, 'Ferdiyansyah', 'L', 68, 0),
(510, 'STD-0510', 181910010, 'Haris Burhanudin', 'L', 68, 0),
(511, 'STD-0511', 181910011, 'Ilhan Nazira', 'L', 68, 0),
(512, 'STD-0512', 181910012, 'Irna Syahgita Putri', 'P', 68, 0),
(513, 'STD-0513', 181910013, 'Ivan Lazuardi', 'L', 68, 0),
(514, 'STD-0514', 181910014, 'Juwita', 'P', 68, 0),
(515, 'STD-0515', 181910015, 'Kelvin Pakuningrat Patilaya', 'L', 68, 0),
(516, 'STD-0516', 181910016, 'Laeva Sari', 'P', 68, 0),
(517, 'STD-0517', 181910017, 'Marsal Kharis', 'L', 68, 0),
(518, 'STD-0518', 181910018, 'Mohamad Rizky Fajariadi', 'L', 68, 0),
(519, 'STD-0519', 181910019, 'Muchammad Ilham P', 'L', 68, 0),
(520, 'STD-0520', 181910020, 'Muhamad Andrean Syahroni', 'L', 68, 0),
(521, 'STD-0521', 181910021, 'Muhammad Akbar M', 'L', 68, 0),
(522, 'STD-0522', 181910022, 'Naadea Nurazizah', 'P', 68, 0),
(523, 'STD-0523', 181910023, 'Nadia Mumtazah', 'P', 68, 0),
(524, 'STD-0524', 181910024, 'Najmi Sungkar', 'L', 68, 0),
(525, 'STD-0525', 181910025, 'Nienof Alfizahrin', 'P', 68, 0),
(526, 'STD-0526', 181910026, 'Novita Sari', 'P', 68, 0),
(527, 'STD-0527', 181910027, 'Nur Zaki Kurniawan', 'L', 68, 0),
(528, 'STD-0528', 181910028, 'Rendy Pratama Putra', 'L', 68, 0),
(529, 'STD-0529', 181910029, 'Rifdi Ridho Robi', 'L', 68, 0),
(530, 'STD-0530', 181910030, 'Rizki Firmansah', 'L', 68, 0),
(531, 'STD-0531', 181910031, 'Sandra Caesa Silviana', 'P', 68, 0),
(532, 'STD-0532', 181910032, 'Sugiarti', 'P', 68, 0),
(533, 'STD-0533', 181910033, 'Teguh Wiranto', 'L', 68, 0),
(534, 'STD-0534', 181910034, 'Viandre Chika Baratama', 'L', 68, 0),
(535, 'STD-0535', 181910035, 'Vyzal Aditya Utama', 'L', 68, 0),
(536, 'STD-0536', 181910036, 'Yuke Paramodita', 'P', 68, 0),
(537, 'STD-0537', 181910037, 'Adam Firmansyah', 'L', 69, 0),
(538, 'STD-0538', 181910038, 'Adji Muwahidin', 'L', 69, 0),
(539, 'STD-0539', 181910039, 'Akmal Ghifari', 'L', 69, 0),
(540, 'STD-0540', 181910040, 'Amelia Azahra', 'P', 69, 0),
(541, 'STD-0541', 181910041, 'Annisa Nurul Rahmawati', 'P', 69, 0),
(542, 'STD-0542', 181910042, 'Bintang Satria Agoesta', 'L', 69, 0),
(543, 'STD-0543', 181910043, 'Dani Setiawan', 'L', 69, 0),
(544, 'STD-0544', 181910044, 'Dina Rosita', 'P', 69, 0),
(545, 'STD-0545', 181910045, 'Hani Savitri', 'P', 69, 0),
(546, 'STD-0546', 181910046, 'Hisyam Farid Muzafar', 'L', 69, 0),
(547, 'STD-0547', 181910047, 'Indah Puspita', 'P', 69, 0),
(548, 'STD-0548', 181910048, 'Ival Rizki', 'L', 69, 0),
(549, 'STD-0549', 181910049, 'Jingga Mangsi Bumi', 'L', 69, 0),
(550, 'STD-0550', 181910050, 'Kahlil Gibran', 'L', 69, 0),
(551, 'STD-0551', 181910051, 'Khofifatudzikriyah', 'P', 69, 0),
(552, 'STD-0552', 181910052, 'Lisnawati', 'P', 69, 0),
(553, 'STD-0553', 181910053, 'Mochamad Aldiva Dwi P', 'L', 69, 0),
(554, 'STD-0554', 181910054, 'Mohamad Farhan Gifary', 'L', 69, 0),
(555, 'STD-0555', 181910055, 'Muhamad Aji', 'L', 69, 0),
(556, 'STD-0556', 181910056, 'Muhammad Dito Effendy', 'L', 69, 0),
(557, 'STD-0557', 181910057, 'Muhammad Nur Fajri', 'L', 69, 0),
(558, 'STD-0558', 181910058, 'Nadia Angelika', 'P', 69, 0),
(559, 'STD-0559', 181910059, 'Nafisa Nurul Jasmine', 'P', 69, 0),
(560, 'STD-0560', 181910060, 'Nicka Al Gamar', 'P', 69, 0),
(561, 'STD-0561', 181910061, 'Nova Subhan', 'L', 69, 0),
(562, 'STD-0562', 181910062, 'Nur Mulia Ramadhan', 'L', 69, 0),
(563, 'STD-0563', 181910063, 'Nurbela Margarita Gustiani', 'P', 69, 0),
(564, 'STD-0564', 181910064, 'Ridwan', 'L', 69, 0),
(565, 'STD-0565', 181910065, 'Rihmatul Marhamah', 'P', 69, 0),
(566, 'STD-0566', 181910066, 'Sabar Abdurrohman Sanjaya', 'L', 69, 0),
(567, 'STD-0567', 181910067, 'Sri Ageng Nurani', 'P', 69, 0),
(568, 'STD-0568', 181910068, 'Tegar Syaefur Rohman', 'L', 69, 0),
(569, 'STD-0569', 181910069, 'Tri Seftiano Sofyan', 'L', 69, 0),
(570, 'STD-0570', 181910070, 'Vivi Fadhilah Safitri', 'P', 69, 0),
(571, 'STD-0571', 181910071, 'Yoga Permana', 'L', 69, 0),
(572, 'STD-0572', 181910526, 'Muhammad Nugraha R', 'L', 69, 0),
(573, 'STD-0573', 181910072, 'Ade Cahana Kori', 'L', 72, 0),
(574, 'STD-0574', 181910073, 'Adinda Rizki Agustin', 'P', 72, 0),
(575, 'STD-0575', 181910074, 'Alfina', 'P', 72, 0),
(576, 'STD-0576', 181910075, 'Aliana Putri', 'P', 72, 0),
(577, 'STD-0577', 181910076, 'Ana Septaqiana', 'P', 72, 0),
(578, 'STD-0578', 181910077, 'Aulia Nur Fauziah', 'P', 72, 0),
(579, 'STD-0579', 181910078, 'Chulyatunni\'mah', 'P', 72, 0),
(580, 'STD-0580', 181910079, 'Dendy Setyo Raharjo', 'L', 72, 0),
(581, 'STD-0581', 181910080, 'Diandra Paramitha', 'P', 72, 0),
(582, 'STD-0582', 181910081, 'Faisal Fazri', 'L', 72, 0),
(583, 'STD-0583', 181910082, 'Firgiawan Nur Hadiansah', 'L', 72, 0),
(584, 'STD-0584', 181910083, 'Frida Fatihah', 'P', 72, 0),
(585, 'STD-0585', 181910084, 'Gladies Neha Anjelita', 'P', 72, 0),
(586, 'STD-0586', 181910085, 'Ihsan Ferdinand Rahmadani W', 'L', 72, 0),
(587, 'STD-0587', 181910086, 'Indiah Nur Safitry', 'P', 72, 0),
(588, 'STD-0588', 181910087, 'Irma Nyianingsih', 'P', 72, 0),
(589, 'STD-0589', 181910088, 'Khoerul Umam', 'L', 72, 0),
(590, 'STD-0590', 181910089, 'Lufthia Vebi Rahmadhini', 'P', 72, 0),
(591, 'STD-0591', 181910090, 'Manisha Noor Gustriarina', 'P', 72, 0),
(592, 'STD-0592', 181910091, 'Mira Antika', 'P', 72, 0),
(593, 'STD-0593', 181910092, 'Muhammad Dinar Rifaldi', 'L', 72, 0),
(594, 'STD-0594', 181910093, 'Nafilah', 'P', 72, 0),
(595, 'STD-0595', 181910094, 'Nur Febriyan', 'P', 72, 0),
(596, 'STD-0596', 181910095, 'Pipit Apita', 'P', 72, 0),
(597, 'STD-0597', 181910096, 'Putri Pertiwi', 'P', 72, 0),
(598, 'STD-0598', 181910097, 'Resa Septiyana', 'P', 72, 0),
(599, 'STD-0599', 181910098, 'Ruslimah', 'P', 72, 0),
(600, 'STD-0600', 181910099, 'Salwa Atiqoh Putri', 'P', 72, 0),
(601, 'STD-0601', 181910100, 'Shaffa Olitha Jasmine', 'P', 72, 0),
(602, 'STD-0602', 181910101, 'Siti Jumaroh', 'P', 72, 0),
(603, 'STD-0603', 181910102, 'Syakira Ramadhani', 'P', 72, 0),
(604, 'STD-0604', 181910103, 'Voddy Lazierda Zakky', 'L', 72, 0),
(605, 'STD-0605', 181910104, 'Windy Meliyani', 'P', 72, 0),
(606, 'STD-0606', 181910105, 'Yuanita Rahimia', 'P', 72, 0),
(607, 'STD-0607', 181910106, 'Yuni Dwi Cahyanti', 'P', 72, 0),
(608, 'STD-0608', 181910107, 'Adila Damasa', 'P', 73, 0),
(609, 'STD-0609', 181910108, 'Akbar Hafidz Apriyanto', 'L', 73, 0),
(610, 'STD-0610', 181910110, 'Anisa Muhararan', 'P', 73, 0),
(611, 'STD-0611', 181910111, 'Ayu Ningrat', 'P', 73, 0),
(612, 'STD-0612', 181910112, 'Dendi Ginanjar Putra', 'L', 73, 0),
(613, 'STD-0613', 181910113, 'Dhelvi Prananda Safitri', 'P', 73, 0),
(614, 'STD-0614', 181910114, 'Dina Nur Kholisyah', 'P', 73, 0),
(615, 'STD-0615', 181910115, 'Dwi Kresna Sari', 'P', 73, 0),
(616, 'STD-0616', 181910116, 'Fatimah Tujahroh', 'P', 73, 0),
(617, 'STD-0617', 181910117, 'Firli Wianti', 'P', 73, 0),
(618, 'STD-0618', 181910118, 'Gita Puspita Sukmara', 'P', 73, 0),
(619, 'STD-0619', 181910119, 'Halawati Hekmatiar R B', 'P', 73, 0),
(620, 'STD-0620', 181910120, 'Indah Ayu Lestari', 'P', 73, 0),
(621, 'STD-0621', 181910121, 'Indri Yanti', 'P', 73, 0),
(622, 'STD-0622', 181910122, 'Kharisma Roslianita Sari', 'P', 73, 0),
(623, 'STD-0623', 181910123, 'Laurra Oshedylen', 'P', 73, 0),
(624, 'STD-0624', 181910124, 'Lutfiya Aldila', 'P', 73, 0),
(625, 'STD-0625', 181910125, 'Milik Rusida', 'P', 73, 0),
(626, 'STD-0626', 181910126, 'Muhamad Hamdani', 'L', 73, 0),
(627, 'STD-0627', 181910127, 'Muhammad Lutfi Aprianda', 'L', 73, 0),
(628, 'STD-0628', 181910128, 'Nelly', 'P', 73, 0),
(629, 'STD-0629', 181910129, 'Nuryeni Ehasari', 'P', 73, 0),
(630, 'STD-0630', 181910130, 'Pristianawati', 'P', 73, 0),
(631, 'STD-0631', 181910131, 'Rawisa', 'L', 73, 0),
(632, 'STD-0632', 181910132, 'Riadi Setiawan', 'L', 73, 0),
(633, 'STD-0633', 181910133, 'Salsa Maftuchah', 'P', 73, 0),
(634, 'STD-0634', 181910134, 'Sekar Arum', 'P', 73, 0),
(635, 'STD-0635', 181910135, 'Siti Fatma', 'P', 73, 0),
(636, 'STD-0636', 181910136, 'Susilawati', 'P', 73, 0),
(637, 'STD-0637', 181910137, 'Vicky Deny Fithriyyah', 'P', 73, 0),
(638, 'STD-0638', 181910138, 'Wika Revina', 'P', 73, 0),
(639, 'STD-0639', 181910139, 'Yakobus Alvin Prasetyo', 'L', 73, 0),
(640, 'STD-0640', 181910140, 'Aan Daya', 'P', 61, 0),
(641, 'STD-0641', 181910141, 'Alisia Salsabillah', 'P', 61, 0),
(642, 'STD-0642', 181910142, 'Andi Viqa Rizky', 'P', 61, 0),
(643, 'STD-0643', 181910143, 'Annisa Saninah', 'P', 61, 0),
(644, 'STD-0644', 181910144, 'Atikah Wanabilah', 'P', 61, 0),
(645, 'STD-0645', 181910145, 'Cindy Noviani Safitri', 'P', 61, 0),
(646, 'STD-0646', 181910146, 'Dhita Aulia Fauziah', 'P', 61, 0),
(647, 'STD-0647', 181910147, 'Divia Azarine', 'P', 61, 0),
(648, 'STD-0648', 181910148, 'Ega Mawarni', 'P', 61, 0),
(649, 'STD-0649', 181910149, 'Erika Fadila', 'P', 61, 0),
(650, 'STD-0650', 181910150, 'Ezar Qotrunnada', 'P', 61, 0),
(651, 'STD-0651', 181910151, 'Fariska Sari', 'P', 61, 0),
(652, 'STD-0652', 181910152, 'Fitriyani', 'P', 61, 0),
(653, 'STD-0653', 181910154, 'Ina Meliyani', 'P', 61, 0),
(654, 'STD-0654', 181910155, 'Intan Putri S', 'P', 61, 0),
(655, 'STD-0655', 181910156, 'Kholisatun Nisa', 'P', 61, 0),
(656, 'STD-0656', 181910157, 'Lisa Nur Fadillah', 'P', 61, 0),
(657, 'STD-0657', 181910158, 'Maya Antika', 'P', 61, 0),
(658, 'STD-0658', 181910159, 'Mochamad Fajar Hidayat', 'L', 61, 0),
(659, 'STD-0659', 181910160, 'Nafisha Habillah Putri', 'P', 61, 0),
(660, 'STD-0660', 181910161, 'Novi Firda Aini', 'P', 61, 0),
(661, 'STD-0661', 181910162, 'Nuraeni', 'P', 61, 0),
(662, 'STD-0662', 181910163, 'Putri Riyadi', 'P', 61, 0),
(663, 'STD-0663', 181910164, 'Rani Aulia Saputri', 'P', 61, 0),
(664, 'STD-0664', 181910165, 'Rizki Salsabilah', 'P', 61, 0),
(665, 'STD-0665', 181910166, 'Salsabila Natasyah', 'P', 61, 0),
(666, 'STD-0666', 181910167, 'Savira Nadiya Armelyta', 'P', 61, 0),
(667, 'STD-0667', 181910168, 'Setiyadi', 'L', 61, 0),
(668, 'STD-0668', 181910169, 'Shalsahbilla Apriliyani', 'P', 61, 0),
(669, 'STD-0669', 181910170, 'Siska Safitri', 'P', 61, 0),
(670, 'STD-0670', 181910171, 'Soniati', 'P', 61, 0),
(671, 'STD-0671', 181910172, 'Sumia', 'P', 61, 0),
(672, 'STD-0672', 181910173, 'Tarini', 'P', 61, 0),
(674, 'STD-0674', 181910175, 'Yenika', 'P', 61, 0),
(675, 'STD-0675', 181910176, 'Achmad Mubarok', 'L', 62, 0),
(676, 'STD-0676', 181910177, 'Alvina Afriliyani', 'P', 62, 0),
(677, 'STD-0677', 181910178, 'Andis Rahmawati', 'P', 62, 0),
(678, 'STD-0678', 181910179, 'April Liyani', 'P', 62, 0),
(679, 'STD-0679', 181910180, 'Dea Ananda Nur Permata S', 'P', 62, 0),
(680, 'STD-0680', 181910181, 'Dina Rihadatul\'aisy', 'P', 62, 0),
(681, 'STD-0681', 181910183, 'Elis Herlina', 'P', 62, 0),
(682, 'STD-0682', 181910184, 'Erji Meisaro', 'P', 62, 0),
(683, 'STD-0683', 181910185, 'Fadila', 'P', 62, 0),
(684, 'STD-0684', 181910186, 'Febi Fauziyyah', 'P', 62, 0),
(685, 'STD-0685', 181910187, 'Frida Juniarda', 'P', 62, 0),
(686, 'STD-0686', 181910188, 'Hafidah', 'P', 62, 0),
(687, 'STD-0687', 181910189, 'Inas Nurfadillah', 'P', 62, 0),
(688, 'STD-0688', 181910190, 'Irna Seviatun', 'P', 62, 0),
(689, 'STD-0689', 181910191, 'Kirani Haerun Nisah', 'P', 62, 0),
(690, 'STD-0690', 181910192, 'Lola Mayrani', 'P', 62, 0),
(691, 'STD-0691', 181910193, 'Melvina Dwiyanti', 'P', 62, 0),
(692, 'STD-0692', 181910194, 'Muhammad Farhan', 'L', 62, 0),
(693, 'STD-0693', 181910195, 'Nahdiyah Farhani', 'P', 62, 0),
(694, 'STD-0694', 181910197, 'Nurfadhilah Safitri', 'P', 62, 0),
(695, 'STD-0695', 181910198, 'Putri Salsabila', 'P', 62, 0),
(696, 'STD-0696', 181910199, 'Rechyka Harlis Putri', 'P', 62, 0),
(697, 'STD-0697', 181910201, 'Saodah', 'P', 62, 0),
(698, 'STD-0698', 181910202, 'Savrina Aulia Kurniawati', 'P', 62, 0),
(699, 'STD-0699', 181910203, 'Shafira Devita Anjani', 'P', 62, 0),
(700, 'STD-0700', 181910204, 'Shofa Salsabilah', 'P', 62, 0),
(701, 'STD-0701', 181910205, 'Siti Hawa', 'P', 62, 0),
(702, 'STD-0702', 181910206, 'Sri Nur', 'P', 62, 0),
(703, 'STD-0703', 181910207, 'Susanti', 'P', 62, 0),
(704, 'STD-0704', 181910208, 'Tiara Susilawati', 'P', 62, 0),
(705, 'STD-0705', 181910209, 'Vicka Istiyaningdyas', 'P', 62, 0),
(706, 'STD-0706', 181910210, 'Yuni Fadillah', 'P', 62, 0),
(707, 'STD-0707', 181910211, 'Ade Ema Fauzillah', 'P', 63, 0),
(708, 'STD-0708', 181910212, 'Amanda Maulina', 'P', 63, 0),
(709, 'STD-0709', 181910213, 'Angela Kristi Handayani', 'P', 63, 0),
(710, 'STD-0710', 181910214, 'Ayu Lestari', 'P', 63, 0),
(711, 'STD-0711', 181910215, 'Delia Dita Septiyani', 'P', 63, 0),
(712, 'STD-0712', 181910216, 'Dina Siti Nurrochmah', 'P', 63, 0),
(713, 'STD-0713', 181910217, 'Dwi Amalia Marcela', 'P', 63, 0),
(714, 'STD-0714', 181910218, 'Elistiana Maharani', 'P', 63, 0),
(715, 'STD-0715', 181910219, 'Ersa Meilinda', 'P', 63, 0),
(716, 'STD-0716', 181910220, 'Fahryn Ajlis', 'P', 63, 0),
(717, 'STD-0717', 181910221, 'Fiska Noviana', 'P', 63, 0),
(718, 'STD-0718', 181910222, 'Gita Ayu Sholikha', 'P', 63, 0),
(719, 'STD-0719', 181910223, 'Hartati', 'P', 63, 0),
(720, 'STD-0720', 181910224, 'Indah Hartati', 'P', 63, 0),
(721, 'STD-0721', 181910225, 'Iroh Maysaroh', 'P', 63, 0),
(722, 'STD-0722', 181910226, 'Lesi Apria Enjelika', 'P', 63, 0),
(723, 'STD-0723', 181910227, 'Lucky Putri Sekarwangi', 'P', 63, 0),
(724, 'STD-0724', 181910228, 'Meyrani Anggita Putri', 'P', 63, 0),
(725, 'STD-0725', 181910229, 'Muhammad Risqi Al Fares', 'L', 63, 0),
(726, 'STD-0726', 181910230, 'Nida Farhatul Maula', 'P', 63, 0),
(727, 'STD-0727', 181910231, 'Nur Afni Yulianti', 'P', 63, 0),
(728, 'STD-0728', 181910232, 'Oni Juliyanti Safitri', 'P', 63, 0),
(729, 'STD-0729', 181910233, 'Qory Khoerunissa', 'P', 63, 0),
(730, 'STD-0730', 181910234, 'Rendy Tri Anggara', 'L', 63, 0),
(731, 'STD-0731', 181910235, 'Roheni', 'P', 63, 0),
(732, 'STD-0732', 181910236, 'Sarah', 'P', 63, 0),
(733, 'STD-0733', 181910237, 'Selda Nurul Fadhilah', 'P', 63, 0),
(734, 'STD-0734', 181910238, 'Shafira Kirana Putri', 'P', 63, 0),
(735, 'STD-0735', 181910239, 'Shoulthanah Nadhifa Fithri', 'P', 63, 0),
(736, 'STD-0736', 181910240, 'Siti Mariyam', 'P', 63, 0),
(737, 'STD-0737', 181910241, 'Sri Nur Linda', 'P', 63, 0),
(738, 'STD-0738', 181910242, 'Syifa Maulida', 'P', 63, 0),
(739, 'STD-0739', 181910243, 'Ulipah', 'P', 63, 0),
(740, 'STD-0740', 181910244, 'Wulan Cahya Ningrum', 'P', 63, 0),
(741, 'STD-0741', 181910245, 'Ziyadah Fidina Haq', 'P', 63, 0),
(742, 'STD-0742', 181910246, 'Aisyah Ardasari Deanty', 'P', 64, 0),
(743, 'STD-0743', 181910247, 'Amelia Lestari', 'P', 64, 0),
(744, 'STD-0744', 181910248, 'Anis Khanifa', 'P', 64, 0),
(745, 'STD-0745', 181910249, 'Arvia Zakia Akhsanty', 'P', 64, 0),
(746, 'STD-0746', 181910250, 'Chandra Aulia Syahrani', 'P', 64, 0),
(747, 'STD-0747', 181910251, 'Devianisa Aninda Pramadanti', 'P', 64, 0),
(748, 'STD-0748', 181910252, 'Diva Delinda Eka Putri', 'P', 64, 0),
(749, 'STD-0749', 181910253, 'Dwi Yuni Octaviana', 'P', 64, 0),
(750, 'STD-0750', 181910254, 'Endang Kristi', 'P', 64, 0),
(751, 'STD-0751', 181910255, 'Evi Noviyanti', 'P', 64, 0),
(752, 'STD-0752', 181910256, 'Fani Gaendah', 'P', 64, 0),
(753, 'STD-0753', 181910257, 'Fitriani', 'P', 64, 0),
(754, 'STD-0754', 181910258, 'Gita Ratnasari', 'P', 64, 0),
(755, 'STD-0755', 181910259, 'Hilaliyah', 'P', 64, 0),
(756, 'STD-0756', 181910260, 'Indri Nuraeni', 'P', 64, 0),
(757, 'STD-0757', 181910261, 'Linda Tia Astuti', 'P', 64, 0),
(758, 'STD-0758', 181910262, 'Maemunah', 'P', 64, 0),
(759, 'STD-0759', 181910263, 'Miftahul Jannah', 'P', 64, 0),
(760, 'STD-0760', 181910264, 'Nadzma Safira Putri S', 'P', 64, 0),
(761, 'STD-0761', 181910265, 'Nilta Saniyyah', 'P', 64, 0),
(762, 'STD-0762', 181910266, 'Nur Khasanah', 'P', 64, 0),
(763, 'STD-0763', 181910267, 'Petrin Cahya Shelviana L P', 'P', 64, 0),
(764, 'STD-0764', 181910268, 'Rahma Nurwulan', 'P', 64, 0),
(765, 'STD-0765', 181910269, 'Riska Damayanti', 'P', 64, 0),
(766, 'STD-0766', 181910270, 'Salsa Maharani', 'P', 64, 0),
(767, 'STD-0767', 181910271, 'Sasa May Nur Aisyah', 'P', 64, 0),
(768, 'STD-0768', 181910272, 'Selindri Resiana', 'P', 64, 0),
(769, 'STD-0769', 181910273, 'Shafira Marcelina Sugiarto P', 'P', 64, 0),
(770, 'STD-0770', 181910274, 'Shylla Mardiyanti', 'P', 64, 0),
(771, 'STD-0771', 181910275, 'Siti Nurhamijah', 'P', 64, 0),
(772, 'STD-0772', 181910276, 'Sri Rahayu', 'P', 64, 0),
(773, 'STD-0773', 181910277, 'Tantri Wulandari', 'P', 64, 0),
(774, 'STD-0774', 181910278, 'Umirah', 'P', 64, 0),
(775, 'STD-0775', 181910279, 'Yamida Gusti Nadia', 'P', 64, 0),
(776, 'STD-0776', 181910280, 'Adinda Syifa Sahira', 'P', 65, 0),
(777, 'STD-0777', 181910281, 'Aji Machroji', 'L', 65, 0),
(778, 'STD-0778', 181910282, 'Amelia Krisnan Ayodhya', 'P', 65, 0),
(779, 'STD-0779', 181910283, 'Arjun Wismaya', 'L', 65, 0),
(780, 'STD-0780', 181910284, 'Ayu Syafira', 'P', 65, 0),
(781, 'STD-0781', 181910285, 'Camelia', 'P', 65, 0),
(782, 'STD-0782', 181910286, 'Cindy Nur Halifah', 'P', 65, 0),
(783, 'STD-0783', 181910287, 'Desi Kirani', 'P', 65, 0),
(784, 'STD-0784', 181910288, 'Diah Lestari', 'P', 65, 0),
(785, 'STD-0785', 181910289, 'Dinda Aulia Putri Sanusi', 'P', 65, 0),
(786, 'STD-0786', 181910290, 'Eni Fatimah', 'P', 65, 0),
(787, 'STD-0787', 181910291, 'Feby Nurlita', 'P', 65, 0),
(788, 'STD-0788', 181910292, 'Fitri Ussaefa Nur Jannah', 'P', 65, 0),
(789, 'STD-0789', 181910293, 'Friska Hellena', 'P', 65, 0),
(790, 'STD-0790', 181910294, 'Heni Susilawati', 'P', 65, 0),
(791, 'STD-0791', 181910295, 'Ikhwannudin', 'L', 65, 0),
(792, 'STD-0792', 181910296, 'Kaesa Amanda', 'P', 65, 0),
(793, 'STD-0793', 181910297, 'Lily Aulia Putri', 'P', 65, 0),
(794, 'STD-0794', 181910298, 'Maritza Putri Nadia', 'P', 65, 0),
(795, 'STD-0795', 181910299, 'Muhamad Rizky Imam M', 'L', 65, 0),
(796, 'STD-0796', 181910300, 'Nanda Azzahra Malik', 'P', 65, 0),
(797, 'STD-0797', 181910301, 'Niken Nabila', 'P', 65, 0),
(798, 'STD-0798', 181910302, 'Novita Berliani', 'P', 65, 0),
(799, 'STD-0799', 181910303, 'Nur Havifa Safitri', 'P', 65, 0),
(800, 'STD-0800', 181910304, 'Polinda', 'P', 65, 0),
(801, 'STD-0801', 181910305, 'Qoonitah Oktaviani', 'P', 65, 0),
(802, 'STD-0802', 181910306, 'Ridzqy Maulana', 'L', 65, 0),
(803, 'STD-0803', 181910307, 'Ryan Setyo Ananda', 'L', 65, 0),
(804, 'STD-0804', 181910308, 'Shakila', 'P', 65, 0),
(805, 'STD-0805', 181910309, 'Siti Cholifah', 'P', 65, 0),
(806, 'STD-0806', 181910310, 'Suhailah Zulfa', 'P', 65, 0),
(807, 'STD-0807', 181910311, 'Tika', 'P', 65, 0),
(808, 'STD-0808', 181910312, 'Vania Syahda Hadiarto', 'P', 65, 0),
(809, 'STD-0809', 181910313, 'Vindy Afriani', 'P', 65, 0),
(810, 'STD-0810', 181910314, 'Yusril Yudistira', 'L', 65, 0),
(811, 'STD-0811', 181910315, 'Adrian Haryanto', 'L', 66, 0),
(812, 'STD-0812', 181910316, 'Alsafira Regen Fadillah', 'P', 66, 0),
(813, 'STD-0813', 181910317, 'Arabella Elvia Damara', 'P', 66, 0),
(814, 'STD-0814', 181910318, 'Asteria Febry Tiara Dewi', 'P', 66, 0),
(815, 'STD-0815', 181910319, 'Barnadi', 'L', 66, 0),
(816, 'STD-0816', 181910320, 'Chaerunnisa', 'P', 66, 0),
(817, 'STD-0817', 181910321, 'Citra Winingsih', 'P', 66, 0),
(818, 'STD-0818', 181910322, 'Devi Masarah', 'P', 66, 0),
(819, 'STD-0819', 181910323, 'Dimas Aria Kusuma', 'L', 66, 0),
(820, 'STD-0820', 181910324, 'Dinda Syifa Saiddina', 'P', 66, 0),
(821, 'STD-0821', 181910325, 'Fajar Sepdianto', 'L', 66, 0),
(822, 'STD-0822', 181910326, 'Fikri Bayu Nur Rizal', 'L', 66, 0),
(823, 'STD-0823', 181910327, 'Fitria Romadon', 'P', 66, 0),
(824, 'STD-0824', 181910328, 'Gina Maulidiah', 'P', 66, 0),
(825, 'STD-0825', 181910329, 'Hilpad Hidayat', 'L', 66, 0),
(826, 'STD-0826', 181910330, 'Ikhwatul Fadilah', 'P', 66, 0),
(827, 'STD-0827', 181910331, 'Khoirunisa', 'P', 66, 0),
(828, 'STD-0828', 181910332, 'Lintang Dwi Marsella', 'P', 66, 0),
(829, 'STD-0829', 181910333, 'Maylina Fauziyah', 'P', 66, 0),
(830, 'STD-0830', 181910334, 'Muhamad Saddam Saputra', 'L', 66, 0),
(831, 'STD-0831', 181910335, 'Muhammad Alfian Nur R', 'L', 66, 0),
(832, 'STD-0832', 181910336, 'Neta Cahyani', 'P', 66, 0),
(833, 'STD-0833', 181910337, 'Nilam Sekar Ayu', 'P', 66, 0),
(834, 'STD-0834', 181910338, 'Nuning Agnemi', 'P', 66, 0),
(835, 'STD-0835', 181910339, 'Nurkholipah', 'P', 66, 0),
(836, 'STD-0836', 181910340, 'Puja Mawarni', 'P', 66, 0),
(837, 'STD-0837', 181910341, 'Rahmawati Nur', 'P', 66, 0),
(838, 'STD-0838', 181910342, 'Rosalinda', 'P', 66, 0),
(839, 'STD-0839', 181910343, 'Saathiya Sari Adzany', 'P', 66, 0),
(840, 'STD-0840', 181910344, 'Shakira Meiliana Dewi', 'P', 66, 0),
(841, 'STD-0841', 181910345, 'Sofiatun Afifah', 'P', 66, 0),
(842, 'STD-0842', 181910346, 'Syarif Muhammad Rizki', 'L', 66, 0),
(843, 'STD-0843', 181910347, 'Tri Hartati', 'P', 66, 0),
(844, 'STD-0844', 181910348, 'Vikha Putri Amandha', 'P', 66, 0);
INSERT INTO `siswa` (`id`, `kode`, `nis`, `nama`, `jk`, `id_kelas`, `is_deleted`) VALUES
(845, 'STD-0845', 181910349, 'Vina Hafifah', 'P', 66, 0),
(846, 'STD-0846', 181910350, 'Vivi Syeviya', 'P', 66, 0),
(847, 'STD-0847', 181910351, 'Aisyah Tri Wulantika', 'P', 67, 0),
(848, 'STD-0848', 181910352, 'Alyanisa', 'P', 67, 0),
(849, 'STD-0849', 181910353, 'Arifaninda Sholeha', 'P', 67, 0),
(850, 'STD-0850', 181910354, 'Ayu Handayani', 'P', 67, 0),
(851, 'STD-0851', 181910355, 'Budi Kitrina', 'P', 67, 0),
(852, 'STD-0852', 181910356, 'Cicih Lestari', 'P', 67, 0),
(853, 'STD-0853', 181910357, 'Dea Faiza Putri', 'P', 67, 0),
(854, 'STD-0854', 181910358, 'Devika', 'P', 67, 0),
(855, 'STD-0855', 181910359, 'Dina Safitri', 'P', 67, 0),
(856, 'STD-0856', 181910360, 'Eka Wulandari', 'P', 67, 0),
(857, 'STD-0857', 181910361, 'Farra Oktaviani Putri', 'P', 67, 0),
(858, 'STD-0858', 181910362, 'Fira Hasanah', 'P', 67, 0),
(859, 'STD-0859', 181910363, 'Fitriyanti', 'P', 67, 0),
(860, 'STD-0860', 181910364, 'Gufron Agung Rahmawan', 'L', 67, 0),
(861, 'STD-0861', 181910365, 'Iftah Mughni Burlian', 'L', 67, 0),
(862, 'STD-0862', 181910366, 'Indah Fatikasari', 'P', 67, 0),
(863, 'STD-0863', 181910367, 'Lidiyah Kusmeri', 'P', 67, 0),
(864, 'STD-0864', 181910368, 'Lisani Amanda', 'P', 67, 0),
(865, 'STD-0865', 181910369, 'Muflihatun', 'P', 67, 0),
(866, 'STD-0866', 181910370, 'Muhamad Tohir Amrullah', 'L', 67, 0),
(867, 'STD-0867', 181910371, 'Nabila Novianti', 'P', 67, 0),
(868, 'STD-0868', 181910372, 'Nevlin Angelica', 'P', 67, 0),
(869, 'STD-0869', 181910373, 'Novi Prihatini', 'P', 67, 0),
(870, 'STD-0870', 181910374, 'Nur Azizah', 'P', 67, 0),
(871, 'STD-0871', 181910375, 'Putri Febriyanti', 'P', 67, 0),
(872, 'STD-0872', 181910376, 'Rati', 'P', 67, 0),
(873, 'STD-0873', 181910377, 'Rusdiyanto', 'L', 67, 0),
(874, 'STD-0874', 181910378, 'Salsabila', 'P', 67, 0),
(875, 'STD-0875', 181910379, 'Siti Aisyah', 'P', 67, 0),
(876, 'STD-0876', 181910380, 'Sri Wulan', 'P', 67, 0),
(877, 'STD-0877', 181910381, 'Tiara Bunga Utami', 'P', 67, 0),
(878, 'STD-0878', 181910382, 'Trishayanti', 'P', 67, 0),
(879, 'STD-0879', 181910383, 'Winanda Dewi Tasyaningrum', 'P', 67, 0),
(880, 'STD-0880', 181910384, 'Zerlinda Yasmin', 'P', 67, 0),
(881, 'STD-0881', 181910385, 'Abdillah Setiawan', 'L', 70, 0),
(882, 'STD-0882', 181910386, 'Ahmad Fajri Anwari', 'L', 70, 0),
(883, 'STD-0883', 181910387, 'Aisyah Romadhoni', 'P', 70, 0),
(884, 'STD-0884', 181910388, 'Ajeng Ayu Ningrum', 'P', 70, 0),
(885, 'STD-0885', 181910389, 'Amanda Febriyanti', 'P', 70, 0),
(886, 'STD-0886', 181910390, 'Amelia Juana Ulfa', 'P', 70, 0),
(887, 'STD-0887', 181910391, 'Andi Hana Rafiah Nur H', 'P', 70, 0),
(888, 'STD-0888', 181910392, 'Anisa Yulia Zahra', 'P', 70, 0),
(889, 'STD-0889', 181910393, 'Astria', 'P', 70, 0),
(890, 'STD-0890', 181910394, 'Ayuni Salsabila', 'P', 70, 0),
(891, 'STD-0891', 181910395, 'Chairul Ardiansyah', 'L', 70, 0),
(892, 'STD-0892', 181910396, 'Dinah Arsih Liyani', 'P', 70, 0),
(893, 'STD-0893', 181910398, 'Eka Cahya Jauhariah', 'P', 70, 0),
(894, 'STD-0894', 181910399, 'Evy Indriani', 'P', 70, 0),
(895, 'STD-0895', 181910400, 'Febia Putri Mulyana', 'P', 70, 0),
(896, 'STD-0896', 181910401, 'Gesty Giovani Putri Sahara', 'P', 70, 0),
(897, 'STD-0897', 181910402, 'Listyani', 'P', 70, 0),
(898, 'STD-0898', 181910403, 'Malihatunnisa', 'P', 70, 0),
(899, 'STD-0899', 181910404, 'Mauli Nuriyanti', 'P', 70, 0),
(900, 'STD-0900', 181910405, 'Muhammad Adzan Putra R', 'L', 70, 0),
(901, 'STD-0901', 181910406, 'Neli Oktaviani', 'P', 70, 0),
(902, 'STD-0902', 181910407, 'Nurwulan Maulida', 'P', 70, 0),
(903, 'STD-0903', 181910408, 'Ratnasari', 'P', 70, 0),
(904, 'STD-0904', 181910409, 'Retno Ayunda', 'P', 70, 0),
(905, 'STD-0905', 181910410, 'Riska Destriyanah', 'P', 70, 0),
(906, 'STD-0906', 181910411, 'Rizka Ayu Handayani', 'P', 70, 0),
(907, 'STD-0907', 181910412, 'Rossa Sintia', 'P', 70, 0),
(908, 'STD-0908', 181910413, 'Siti Asia', 'P', 70, 0),
(909, 'STD-0909', 181910414, 'Siti Nurlela', 'P', 70, 0),
(910, 'STD-0910', 181910415, 'Sri Sekar Sari', 'P', 70, 0),
(911, 'STD-0911', 181910416, 'Susanti', 'P', 70, 0),
(912, 'STD-0912', 181910417, 'Tri Teana Rossanti', 'P', 70, 0),
(913, 'STD-0913', 181910418, 'Wati Safitri', 'P', 70, 0),
(914, 'STD-0914', 181910419, 'Abdul Aziz', 'L', 71, 0),
(915, 'STD-0915', 181910420, 'Annisa Dara Jelita', 'P', 71, 0),
(916, 'STD-0916', 181910421, 'Ayu Komalasari', 'P', 71, 0),
(917, 'STD-0917', 181910422, 'Banisyah', 'P', 71, 0),
(918, 'STD-0918', 181910423, 'Cindi Marselinda', 'P', 71, 0),
(919, 'STD-0919', 181910424, 'Dena Septiani', 'P', 71, 0),
(920, 'STD-0920', 181910425, 'Dimas Pramudya', 'L', 71, 0),
(921, 'STD-0921', 181910426, 'Elen Margera', 'P', 71, 0),
(922, 'STD-0922', 181910427, 'Eriana Wahyuningtyas', 'P', 71, 0),
(923, 'STD-0923', 181910428, 'Farah Nazira', 'P', 71, 0),
(924, 'STD-0924', 181910429, 'Fisti Juniyanti', 'P', 71, 0),
(925, 'STD-0925', 181910431, 'Ifan Febian', 'L', 71, 0),
(926, 'STD-0926', 181910432, 'Ilham Handoni', 'L', 71, 0),
(927, 'STD-0927', 181910434, 'Inne Devi Friani', 'P', 71, 0),
(928, 'STD-0928', 181910435, 'Laili Sholihah', 'P', 71, 0),
(929, 'STD-0929', 181910436, 'Lovinia Novanty Nasuha', 'P', 71, 0),
(930, 'STD-0930', 181910437, 'Melda Imeliya', 'P', 71, 0),
(931, 'STD-0931', 181910438, 'Merliyana', 'P', 71, 0),
(932, 'STD-0932', 181910439, 'Moh. Gufron', 'L', 71, 0),
(933, 'STD-0933', 181910440, 'Nita Chantika Putri', 'P', 71, 0),
(934, 'STD-0934', 181910441, 'Nurul Kotima', 'P', 71, 0),
(935, 'STD-0935', 181910442, 'Purwo Setiamurti', 'L', 71, 0),
(936, 'STD-0936', 181910443, 'Putri Aulia Natasya', 'P', 71, 0),
(937, 'STD-0937', 181910444, 'Rosa Amalia', 'P', 71, 0),
(938, 'STD-0938', 181910446, 'Sri Aeni', 'P', 71, 0),
(939, 'STD-0939', 181910447, 'Sri Nurhasanah', 'P', 71, 0),
(940, 'STD-0940', 181910448, 'Sriyanti', 'P', 71, 0),
(941, 'STD-0941', 181910450, 'Wahyu Saputra', 'L', 71, 0),
(942, 'STD-0942', 181910451, 'Yanwar Wijaya', 'L', 71, 0),
(943, 'STD-0943', 181910452, 'Yuni Mulyani', 'P', 71, 0),
(944, 'STD-0944', 181910453, 'Adam Saepulah', 'L', 74, 0),
(945, 'STD-0945', 181910454, 'Adinda Bestari', 'P', 74, 0),
(946, 'STD-0946', 181910455, 'Anesa Putri Amareta', 'P', 74, 0),
(947, 'STD-0947', 181910456, 'Anthony Wijaya Nadeak', 'L', 74, 0),
(948, 'STD-0948', 181910457, 'Arti Indriyani', 'P', 74, 0),
(949, 'STD-0949', 181910458, 'Bella Saputri', 'P', 74, 0),
(950, 'STD-0950', 181910459, 'Cita Noor Elizah', 'P', 74, 0),
(951, 'STD-0951', 181910460, 'Desi Noermayanti', 'P', 74, 0),
(952, 'STD-0952', 181910461, 'Diana', 'P', 74, 0),
(953, 'STD-0953', 181910462, 'Dwi Ayu', 'P', 74, 0),
(954, 'STD-0954', 181910463, 'Evi Noviani', 'P', 74, 0),
(955, 'STD-0955', 181910464, 'Gilarti Sumantri', 'P', 74, 0),
(956, 'STD-0956', 181910465, 'Ina Sonia Fauziah', 'P', 74, 0),
(957, 'STD-0957', 181910466, 'Johana Darmawan', 'L', 74, 0),
(958, 'STD-0958', 181910467, 'Lulu Pertiwi', 'P', 74, 0),
(959, 'STD-0959', 181910468, 'Maulidia Zakiah Anwar', 'P', 74, 0),
(960, 'STD-0960', 181910469, 'Meiyanda Zahrani Lukman', 'P', 74, 0),
(961, 'STD-0961', 181910470, 'Mochamad Miftah Farhan P', 'L', 74, 0),
(962, 'STD-0962', 181910471, 'Nanda Nur Fadhilah', 'P', 74, 0),
(963, 'STD-0963', 181910472, 'Natasya', 'P', 74, 0),
(964, 'STD-0964', 181910473, 'Nur Azizah', 'P', 74, 0),
(965, 'STD-0965', 181910474, 'Nusye Afrian Nur Fikri', 'P', 74, 0),
(966, 'STD-0966', 181910475, 'Pia Mustika Candra', 'P', 74, 0),
(967, 'STD-0967', 181910476, 'Rahayu Amelia', 'P', 74, 0),
(968, 'STD-0968', 181910477, 'Restu Marcel Alfiansyah', 'L', 74, 0),
(969, 'STD-0969', 181910478, 'Rindini', 'P', 74, 0),
(970, 'STD-0970', 181910479, 'Rizki Nur Muhammad', 'L', 74, 0),
(971, 'STD-0971', 181910480, 'Safirah Karina Putri', 'P', 74, 0),
(972, 'STD-0972', 181910481, 'Sehan Yudha Fahreza', 'L', 74, 0),
(973, 'STD-0973', 181910482, 'Septia Putri Mutchainna', 'P', 74, 0),
(974, 'STD-0974', 181910483, 'Syariffudin', 'L', 74, 0),
(975, 'STD-0975', 181910484, 'Tri Wulan Julyanti', 'P', 74, 0),
(976, 'STD-0976', 181910485, 'Viska Sintiya', 'P', 74, 0),
(977, 'STD-0977', 181910486, 'Widi Nur Fadiah', 'P', 74, 0),
(978, 'STD-0978', 181910487, 'Zaky Nauval Al Fauzan', 'L', 74, 0),
(979, 'STD-0979', 181910488, 'Ade Leo Ferdinan', 'L', 75, 0),
(980, 'STD-0980', 181910489, 'Aditya Pratama', 'L', 75, 0),
(981, 'STD-0981', 181910490, 'Annis Febriyanti', 'P', 75, 0),
(982, 'STD-0982', 181910491, 'Anti Nurhalizah Saputri', 'P', 75, 0),
(983, 'STD-0983', 181910492, 'Bambang Dwi Jatmika', 'L', 75, 0),
(984, 'STD-0984', 181910493, 'Bintang Caesar Maulana', 'L', 75, 0),
(985, 'STD-0985', 181910494, 'Della Adelia', 'P', 75, 0),
(986, 'STD-0986', 181910495, 'Dewi Santika', 'P', 75, 0),
(987, 'STD-0987', 181910496, 'Dini Imelda', 'P', 75, 0),
(988, 'STD-0988', 181910497, 'Efaliyana', 'P', 75, 0),
(989, 'STD-0989', 181910498, 'Firman', 'L', 75, 0),
(990, 'STD-0990', 181910499, 'Hellen Nadya Putri Azis', 'P', 75, 0),
(991, 'STD-0991', 181910500, 'Ikhsan Maulana', 'L', 75, 0),
(992, 'STD-0992', 181910501, 'Indah Wati', 'P', 75, 0),
(993, 'STD-0993', 181910502, 'Khaira Verentanata', 'P', 75, 0),
(994, 'STD-0994', 181910503, 'Luvi Apriyani', 'P', 75, 0),
(995, 'STD-0995', 181910504, 'Mauna', 'P', 75, 0),
(996, 'STD-0996', 181910505, 'Mila Triyanita', 'P', 75, 0),
(997, 'STD-0997', 181910506, 'Muhammad Hafiyyan', 'L', 75, 0),
(998, 'STD-0998', 181910507, 'Nanda Oktaviani', 'P', 75, 0),
(999, 'STD-0999', 181910508, 'Novita Anggraeni', 'P', 75, 0),
(1000, 'STD-1000', 181910509, 'Nurahmawati', 'P', 75, 0),
(1001, 'STD-1001', 181910510, 'Opi Setiawan', 'P', 75, 0),
(1002, 'STD-1002', 181910511, 'Pramono Adi Santoso', 'L', 75, 0),
(1003, 'STD-1003', 181910512, 'Rehan Dwi Wiyanto', 'L', 75, 0),
(1004, 'STD-1004', 181910513, 'Rina Indriana', 'P', 75, 0),
(1005, 'STD-1005', 181910514, 'Riyan', 'L', 75, 0),
(1006, 'STD-1006', 181910516, 'Safitri Oktafiani', 'P', 75, 0),
(1007, 'STD-1007', 181910517, 'Seika Andini', 'P', 75, 0),
(1008, 'STD-1008', 181910518, 'Setiawati', 'P', 75, 0),
(1009, 'STD-1009', 181910519, 'Shufiyanti', 'P', 75, 0),
(1010, 'STD-1010', 181910520, 'Tri Angel', 'P', 75, 0),
(1011, 'STD-1011', 181910521, 'Via Febiana', 'P', 75, 0),
(1012, 'STD-1012', 181910522, 'Vivian Pushein Margaretha A', 'P', 75, 0),
(1013, 'STD-1013', 181910523, 'Wulan Rosifah', 'P', 75, 0),
(1014, 'STD-1014', 171810001, 'Aditia Rahmahatta', 'L', 76, 0),
(1015, 'STD-1015', 171810002, 'Aditya Wiratama', 'L', 76, 0),
(1016, 'STD-1016', 171810003, 'Agil Prasetiyo', 'L', 76, 0),
(1017, 'STD-1017', 171810004, 'Arif Fadli', 'L', 76, 0),
(1018, 'STD-1018', 171810005, 'Barri Nikko', 'L', 76, 0),
(1019, 'STD-1019', 171810006, 'Dhevina Tiara D', 'P', 76, 0),
(1020, 'STD-1020', 171810007, 'Dimas Faturrahman', 'L', 76, 0),
(1021, 'STD-1021', 171810008, 'Entin Wahyuni', 'P', 76, 0),
(1022, 'STD-1022', 171810009, 'Fajar Shiddiq', 'L', 76, 0),
(1023, 'STD-1023', 171810010, 'Fakhri Muhammad', 'L', 76, 0),
(1024, 'STD-1024', 171810011, 'Farys Rahman Hidayah', 'L', 76, 0),
(1025, 'STD-1025', 171810012, 'Firman Syah Sefgianto', 'L', 76, 0),
(1026, 'STD-1026', 171810013, 'Fitri', 'P', 76, 0),
(1027, 'STD-1027', 171810014, 'Ghina Raudhatul Jannah', 'P', 76, 0),
(1028, 'STD-1028', 171810015, 'Intan Kharisma Pertiwi', 'P', 76, 0),
(1029, 'STD-1029', 171810016, 'Joyo Luqman Ma\'ruf', 'L', 76, 0),
(1030, 'STD-1030', 171810017, 'Moh. Irfan Rivaldi', 'L', 76, 0),
(1031, 'STD-1031', 171810019, 'Muhammad Farhan N', 'L', 76, 0),
(1032, 'STD-1032', 171810020, 'Muhammad Iqbal Nasution', 'L', 76, 0),
(1033, 'STD-1033', 171810021, 'Oky Fariz Qinthara', 'L', 76, 0),
(1034, 'STD-1034', 171810022, 'Priyanto Alansyah', 'L', 76, 0),
(1035, 'STD-1035', 171810024, 'Ranti', 'P', 76, 0),
(1036, 'STD-1036', 171810025, 'Rizal Maulana Hasbi', 'L', 76, 0),
(1037, 'STD-1037', 171810026, 'Rizka Dyah Setyowati', 'P', 76, 0),
(1038, 'STD-1038', 171810027, 'Robbi Gunawan', 'L', 76, 0),
(1039, 'STD-1039', 171810028, 'Sinta Nuriah', 'P', 76, 0),
(1040, 'STD-1040', 171810029, 'Sulaimah', 'P', 76, 0),
(1041, 'STD-1041', 171810030, 'Syifa Ryzara Afra Nanda Y', 'P', 76, 0),
(1042, 'STD-1042', 171810031, 'Thio Saputra', 'L', 76, 0),
(1043, 'STD-1043', 171810032, 'Titin Alifah', 'P', 76, 0),
(1044, 'STD-1044', 171810033, 'Tyas Septiani Savitri', 'P', 76, 0),
(1045, 'STD-1045', 171810034, 'Wildan Mustopa', 'L', 76, 0),
(1046, 'STD-1046', 171810035, 'Yunus Yuda Permana', 'L', 76, 0),
(1047, 'STD-1047', 171810036, 'Aditya', 'L', 77, 0),
(1048, 'STD-1048', 171810037, 'Agung Waluyo', 'L', 77, 0),
(1049, 'STD-1049', 171810038, 'Christina Eka Sofianti', 'P', 77, 0),
(1050, 'STD-1050', 171810039, 'Daffa Atsil Falah', 'L', 77, 0),
(1051, 'STD-1051', 171810040, 'Deswa Maulidasari', 'P', 77, 0),
(1052, 'STD-1052', 171810041, 'Dona Mutiara Fitri', 'P', 77, 0),
(1053, 'STD-1053', 171810042, 'Doni Andrian', 'L', 77, 0),
(1054, 'STD-1054', 171810043, 'Eha Maliha', 'P', 77, 0),
(1055, 'STD-1055', 171810044, 'Erwin Rizki Adi', 'L', 77, 0),
(1056, 'STD-1056', 171810045, 'Faizal Dwi Septiawan', 'L', 77, 0),
(1057, 'STD-1057', 171810046, 'Farhan Dito Bil Azhar', 'L', 77, 0),
(1058, 'STD-1058', 171810047, 'Fathir Fahmy', 'L', 77, 0),
(1059, 'STD-1059', 171810048, 'Galby Ma Yora', 'P', 77, 0),
(1060, 'STD-1060', 171810049, 'Hafis Ramadhan Setiawan', 'L', 77, 0),
(1061, 'STD-1061', 171810050, 'Hilmy Setiawan', 'L', 77, 0),
(1062, 'STD-1062', 171810051, 'Ignasius Bagas Putra R', 'L', 77, 0),
(1063, 'STD-1063', 171810052, 'Lingga Dzulfikar', 'L', 77, 0),
(1064, 'STD-1064', 171810053, 'Lubna Zain Utami', 'P', 77, 0),
(1065, 'STD-1065', 171810054, 'Miftah Wira Yudha', 'L', 77, 0),
(1066, 'STD-1066', 171810055, 'Mohamad Bayu Wahyudan', 'L', 77, 0),
(1067, 'STD-1067', 171810056, 'Muhamad Agus Sunaya', 'L', 77, 0),
(1068, 'STD-1068', 171810057, 'Muhammad Reza Vahlifi', 'L', 77, 0),
(1069, 'STD-1069', 171810058, 'Muhammad Rizki', 'L', 77, 0),
(1070, 'STD-1070', 171810059, 'Muhammad Rizky', 'L', 77, 0),
(1071, 'STD-1071', 171810060, 'Muhammad Zinedine Y N', 'L', 77, 0),
(1072, 'STD-1072', 171810061, 'Nuraeni', 'P', 77, 0),
(1073, 'STD-1073', 171810062, 'Omar Mukhtariansyah', 'L', 77, 0),
(1074, 'STD-1074', 171810063, 'Rainaldi Dwiyana', 'L', 77, 0),
(1075, 'STD-1075', 171810064, 'Ratih Sugiarto', 'P', 77, 0),
(1076, 'STD-1076', 171810065, 'Renaldi Islami Bhajo', 'L', 77, 0),
(1077, 'STD-1077', 171810066, 'Rohniyanti', 'P', 77, 0),
(1078, 'STD-1078', 171810067, 'Sahrul Ied', 'L', 77, 0),
(1079, 'STD-1079', 171810068, 'Siti Komaryah', 'P', 77, 0),
(1080, 'STD-1080', 171810069, 'Tia Sulistiawati', 'P', 77, 0),
(1081, 'STD-1081', 171810070, 'Viviana', 'P', 77, 0),
(1082, 'STD-1082', 171810071, 'Wildan Pamungkas', 'L', 77, 0),
(1083, 'STD-1083', 171810072, 'Adela', 'P', 86, 0),
(1084, 'STD-1084', 171810073, 'Ahmad Irfan', 'L', 86, 0),
(1085, 'STD-1085', 171810074, 'Aji Prasetya', 'L', 86, 0),
(1086, 'STD-1086', 171810075, 'Alvita Dwi Ramadhani D', 'P', 86, 0),
(1087, 'STD-1087', 171810076, 'Atik Zenitya', 'P', 86, 0),
(1088, 'STD-1088', 171810077, 'Aulia Farhan', 'L', 86, 0),
(1089, 'STD-1089', 171810078, 'De\'anti', 'P', 86, 0),
(1090, 'STD-1090', 171810079, 'Devi Nurbaeti', 'P', 86, 0),
(1091, 'STD-1091', 171810080, 'Fajar Abdul Rahman', 'L', 86, 0),
(1092, 'STD-1092', 171810081, 'Faraz Rizqi Gusti Rahmatin', 'L', 86, 0),
(1093, 'STD-1093', 171810082, 'Iis Sintiya', 'P', 86, 0),
(1094, 'STD-1094', 171810083, 'Ikwan Fadillah', 'L', 86, 0),
(1095, 'STD-1095', 171810084, 'Inggit Wahyuni', 'P', 86, 0),
(1096, 'STD-1096', 171810085, 'Khatrina Sarmila', 'P', 86, 0),
(1097, 'STD-1097', 171810086, 'Lailatul Khusna', 'P', 86, 0),
(1098, 'STD-1098', 171810087, 'M. Fikqi Ferdiansyach H', 'L', 86, 0),
(1099, 'STD-1099', 171810088, 'Masrini', 'P', 86, 0),
(1100, 'STD-1100', 171810089, 'Muhammad Al Farid', 'L', 86, 0),
(1101, 'STD-1101', 171810090, 'Nabilla Ayu Himawaty', 'P', 86, 0),
(1102, 'STD-1102', 171810091, 'Nabillah Noer', 'P', 86, 0),
(1103, 'STD-1103', 171810092, 'Nandi Pratama Nugraha', 'L', 86, 0),
(1104, 'STD-1104', 171810093, 'Nila Nurmala Sari', 'P', 86, 0),
(1105, 'STD-1105', 171810094, 'Nur\'azizah', 'P', 86, 0),
(1106, 'STD-1106', 171810095, 'Priaditya Tri Hadi', 'L', 86, 0),
(1107, 'STD-1107', 171810096, 'Puji Ayu', 'P', 86, 0),
(1108, 'STD-1108', 171810097, 'Ratu Oktaviani', 'P', 86, 0),
(1109, 'STD-1109', 171810098, 'Renita', 'P', 86, 0),
(1110, 'STD-1110', 171810099, 'Riski Ananda Kusuma Putri', 'P', 86, 0),
(1111, 'STD-1111', 171810100, 'Roni Irwandi', 'L', 86, 0),
(1112, 'STD-1112', 171810101, 'Shella Tri Oktaviani', 'P', 86, 0),
(1113, 'STD-1113', 171810102, 'Shelly Oktaviani', 'P', 86, 0),
(1114, 'STD-1114', 171810103, 'Shinta Tamara', 'P', 86, 0),
(1115, 'STD-1115', 171810104, 'Sulastri', 'P', 86, 0),
(1116, 'STD-1116', 171810105, 'Tiara Paringga Isakajati', 'P', 86, 0),
(1117, 'STD-1117', 171810106, 'Tyara Nur Sahar', 'P', 86, 0),
(1118, 'STD-1118', 171810107, 'Achmad Dzidan', 'L', 92, 0),
(1119, 'STD-1119', 171810108, 'A\'inul Yaqin', 'L', 92, 0),
(1120, 'STD-1120', 171810109, 'Bagus Martin Purwanto', 'L', 92, 0),
(1121, 'STD-1121', 171810110, 'Dinda Syalfadhilah', 'P', 92, 0),
(1122, 'STD-1122', 171810111, 'Dini Yana', 'P', 92, 0),
(1123, 'STD-1123', 171810112, 'Evi Septiani', 'P', 92, 0),
(1124, 'STD-1124', 171810113, 'Farahdianti Ayda', 'P', 92, 0),
(1125, 'STD-1125', 171810114, 'Fatimatuzzahro', 'P', 92, 0),
(1126, 'STD-1126', 171810115, 'Fuji Aprilliani', 'P', 92, 0),
(1127, 'STD-1127', 171810116, 'Gea Maulina', 'P', 92, 0),
(1128, 'STD-1128', 171810117, 'Hana Azahra', 'P', 92, 0),
(1129, 'STD-1129', 171810118, 'Iin Anggraeni', 'P', 92, 0),
(1130, 'STD-1130', 171810119, 'Intan Permata Sari', 'P', 92, 0),
(1131, 'STD-1131', 171810120, 'Iyus Permana', 'L', 92, 0),
(1132, 'STD-1132', 171810121, 'Kelfin Saputra', 'L', 92, 0),
(1133, 'STD-1133', 171810122, 'Liyana', 'P', 92, 0),
(1134, 'STD-1134', 171810123, 'Mellina', 'P', 92, 0),
(1135, 'STD-1135', 171810124, 'Moh. Asrorio Ayatulah', 'L', 92, 0),
(1136, 'STD-1136', 171810125, 'Nur Alfiyani Rakhmawati', 'P', 92, 0),
(1137, 'STD-1137', 171810126, 'Nurlisa', 'P', 92, 0),
(1138, 'STD-1138', 171810127, 'Rizka Amatunnisa', 'P', 92, 0),
(1139, 'STD-1139', 171810128, 'Rotiah', 'P', 92, 0),
(1140, 'STD-1140', 171810129, 'Salsabina Octavia', 'P', 92, 0),
(1141, 'STD-1141', 171810130, 'Sifa Yolanda Emilia', 'P', 92, 0),
(1142, 'STD-1142', 171810131, 'Siti Suaeba', 'P', 92, 0),
(1143, 'STD-1143', 171810132, 'Soleka', 'P', 92, 0),
(1144, 'STD-1144', 171810133, 'Sri Nurhayati', 'P', 92, 0),
(1145, 'STD-1145', 171810134, 'Suci Indahwati', 'P', 92, 0),
(1146, 'STD-1146', 171810135, 'Sunita Dewi', 'P', 92, 0),
(1147, 'STD-1147', 171810136, 'Teguh Harryanto', 'L', 92, 0),
(1148, 'STD-1148', 171810137, 'Treyanita Citra Karina', 'P', 92, 0),
(1149, 'STD-1149', 171810138, 'Windi Amanda', 'P', 92, 0),
(1150, 'STD-1150', 171810140, 'Yuliana Dwi Wardianti', 'P', 92, 0),
(1151, 'STD-1151', 171810249, 'Agni Nendah Yuliani', 'P', 78, 0),
(1152, 'STD-1152', 171810250, 'Alifia Nur Amanda', 'P', 78, 0),
(1153, 'STD-1153', 171810251, 'Alma Anisa Rachmatika', 'P', 78, 0),
(1154, 'STD-1154', 171810252, 'Alvina Eka Damayanti', 'P', 78, 0),
(1155, 'STD-1155', 171810253, 'Amelia Agustin', 'P', 78, 0),
(1156, 'STD-1156', 171810254, 'Ani Khotul Safitri', 'P', 78, 0),
(1157, 'STD-1157', 171810255, 'Annisa', 'P', 78, 0),
(1158, 'STD-1158', 171810256, 'Ayu Safitri', 'P', 78, 0),
(1159, 'STD-1159', 171810257, 'Dea Ayu Aprilia', 'P', 78, 0),
(1160, 'STD-1160', 171810258, 'Dina Okta Dwiyati', 'P', 78, 0),
(1161, 'STD-1161', 171810259, 'Dini Listiani', 'P', 78, 0),
(1162, 'STD-1162', 171810260, 'Eka Tantri Pramudhita', 'P', 78, 0),
(1163, 'STD-1163', 171810261, 'Ervana Ak\'nes', 'P', 78, 0),
(1164, 'STD-1164', 171810262, 'Feby Mustika Arum', 'P', 78, 0),
(1165, 'STD-1165', 171810263, 'Hasanah Garnita', 'P', 78, 0),
(1166, 'STD-1166', 171810264, 'Intan Setia Ningsih', 'P', 78, 0),
(1167, 'STD-1167', 171810265, 'Khusnul Khotimah', 'P', 78, 0),
(1168, 'STD-1168', 171810266, 'Layya Aryakhiyah', 'P', 78, 0),
(1169, 'STD-1169', 171810267, 'Marcella Anggreini', 'P', 78, 0),
(1170, 'STD-1170', 171810268, 'Nadia Cahyani', 'P', 78, 0),
(1171, 'STD-1171', 171810269, 'Nur Fadilah', 'P', 78, 0),
(1172, 'STD-1172', 171810271, 'Pipiet Nur Fitriyani', 'P', 78, 0),
(1173, 'STD-1173', 171810272, 'Puput Putriyani', 'P', 78, 0),
(1174, 'STD-1174', 171810273, 'Rendra Adha Segara', 'L', 78, 0),
(1175, 'STD-1175', 171810274, 'Renita Fitriyani', 'P', 78, 0),
(1176, 'STD-1176', 171810275, 'Riska Widyasari Rufhas', 'P', 78, 0),
(1177, 'STD-1177', 171810276, 'Rita Nuriyah', 'P', 78, 0),
(1178, 'STD-1178', 171810277, 'Silva Aprilliani', 'P', 78, 0),
(1179, 'STD-1179', 171810278, 'Silvi Supari', 'P', 78, 0),
(1180, 'STD-1180', 171810279, 'Siti Rohmah Diana', 'P', 78, 0),
(1181, 'STD-1181', 171810280, 'Sri Ayu Ningsih', 'P', 78, 0),
(1182, 'STD-1182', 171810281, 'Sumiati', 'P', 78, 0),
(1183, 'STD-1183', 171810282, 'Windy Octavianie', 'P', 78, 0),
(1184, 'STD-1184', 171810283, 'Wulan Sari', 'P', 78, 0),
(1185, 'STD-1185', 171810284, 'Yunita Dwi Ningsih', 'P', 78, 0),
(1186, 'STD-1186', 171810285, 'Ade Yulianti', 'P', 79, 0),
(1187, 'STD-1187', 171810286, 'Adik Putri Lestari', 'P', 79, 0),
(1188, 'STD-1188', 171810287, 'Afidah Yusfa', 'P', 79, 0),
(1189, 'STD-1189', 171810288, 'Ani Suhartini', 'P', 79, 0),
(1190, 'STD-1190', 171810289, 'Atik Agustin', 'P', 79, 0),
(1191, 'STD-1191', 171810290, 'Aulia Agustine', 'P', 79, 0),
(1192, 'STD-1192', 171810291, 'Dela Agustiani', 'P', 79, 0),
(1193, 'STD-1193', 171810292, 'Dewi Safitri', 'P', 79, 0),
(1194, 'STD-1194', 171810294, 'Febi Noviana', 'P', 79, 0),
(1195, 'STD-1195', 171810295, 'Fenny Novitasari', 'P', 79, 0),
(1196, 'STD-1196', 171810296, 'Ferawati', 'P', 79, 0),
(1197, 'STD-1197', 171810297, 'Heni Oktaviani', 'P', 79, 0),
(1198, 'STD-1198', 171810298, 'Ike Wahyuningsi', 'P', 79, 0),
(1199, 'STD-1199', 171810299, 'Kartika', 'P', 79, 0),
(1200, 'STD-1200', 171810300, 'Kharisma Tantri', 'P', 79, 0),
(1201, 'STD-1201', 171810301, 'Khoeriyah', 'P', 79, 0),
(1202, 'STD-1202', 171810303, 'Nganitapa', 'P', 79, 0),
(1203, 'STD-1203', 171810304, 'Nur Indah Mulyasari', 'P', 79, 0),
(1204, 'STD-1204', 171810305, 'Ratih Sri Hudiyani', 'P', 79, 0),
(1205, 'STD-1205', 171810306, 'Reni Al Hidayah', 'P', 79, 0),
(1206, 'STD-1206', 171810308, 'Rita Setyaningsih', 'P', 79, 0),
(1207, 'STD-1207', 171810309, 'Riyani', 'P', 79, 0),
(1208, 'STD-1208', 171810310, 'Romillah Destari', 'P', 79, 0),
(1209, 'STD-1209', 171810311, 'Sarah Lutfiani', 'P', 79, 0),
(1210, 'STD-1210', 171810312, 'Shafira Meliani', 'P', 79, 0),
(1211, 'STD-1211', 171810313, 'Shifa Andalusia', 'P', 79, 0),
(1212, 'STD-1212', 171810314, 'Siti Rahmawati', 'P', 79, 0),
(1213, 'STD-1213', 171810315, 'Sri Utami', 'P', 79, 0),
(1214, 'STD-1214', 171810316, 'Tiara Awalia Rahma', 'P', 79, 0),
(1215, 'STD-1215', 171810317, 'Wenny Puspitoningrum', 'P', 79, 0),
(1216, 'STD-1216', 171810318, 'Wulan Guritno', 'P', 79, 0),
(1217, 'STD-1217', 171810319, 'Wulan Nurindah Sari', 'P', 79, 0),
(1218, 'STD-1218', 171810320, 'Yulianti Natasiya', 'P', 79, 0),
(1219, 'STD-1219', 171810321, 'Amalia Dzulha', 'P', 80, 0),
(1220, 'STD-1220', 171810322, 'Anis Nafila Mutahajidah', 'P', 80, 0),
(1221, 'STD-1221', 171810323, 'Annisa Azzahro', 'P', 80, 0),
(1222, 'STD-1222', 171810324, 'Audrey Valencia Kartono', 'P', 80, 0),
(1223, 'STD-1223', 171810325, 'Dadan Sudana', 'L', 80, 0),
(1224, 'STD-1224', 171810326, 'Dewi Saluna', 'P', 80, 0),
(1225, 'STD-1225', 171810327, 'Dewi Sekar Astri', 'P', 80, 0),
(1226, 'STD-1226', 171810328, 'Dhea Apriliani', 'P', 80, 0),
(1227, 'STD-1227', 171810329, 'Dian Widianingsih', 'P', 80, 0),
(1228, 'STD-1228', 171810330, 'Ega Fitriyani', 'P', 80, 0),
(1229, 'STD-1229', 171810331, 'Eka Nur Shofa', 'P', 80, 0),
(1230, 'STD-1230', 171810332, 'Fina Lidiawati', 'P', 80, 0),
(1231, 'STD-1231', 171810333, 'Geulis Ratu Sonia E', 'P', 80, 0),
(1232, 'STD-1232', 171810334, 'Imam Mubaroq', 'L', 80, 0),
(1233, 'STD-1233', 171810335, 'Indah Sulfiyah Ningrum', 'P', 80, 0),
(1234, 'STD-1234', 171810336, 'Irma Wati', 'P', 80, 0),
(1235, 'STD-1235', 171810337, 'Khumaeroh', 'P', 80, 0),
(1236, 'STD-1236', 171810338, 'Kristali Alfiah', 'P', 80, 0),
(1237, 'STD-1237', 171810339, 'Luciana', 'P', 80, 0),
(1238, 'STD-1238', 171810340, 'Mar\'atul Mukaromah', 'P', 80, 0),
(1239, 'STD-1239', 171810341, 'Muhammad Beni', 'L', 80, 0),
(1240, 'STD-1240', 171810342, 'Muhammad Septian', 'L', 80, 0),
(1241, 'STD-1241', 171810343, 'Muspita', 'P', 80, 0),
(1242, 'STD-1242', 171810344, 'Nadia Sapira', 'P', 80, 0),
(1243, 'STD-1243', 171810345, 'Nanda Silvia', 'P', 80, 0),
(1244, 'STD-1244', 171810346, 'Nindia Rachma Fazriah', 'P', 80, 0),
(1245, 'STD-1245', 171810347, 'Putri Arum Septyanti', 'P', 80, 0),
(1246, 'STD-1246', 171810348, 'Rosita', 'P', 80, 0),
(1247, 'STD-1247', 171810349, 'Salsabila', 'P', 80, 0),
(1248, 'STD-1248', 171810350, 'Santi', 'P', 80, 0),
(1249, 'STD-1249', 171810351, 'Shofa Nur', 'P', 80, 0),
(1250, 'STD-1250', 171810352, 'Sindy Liana Putri', 'P', 80, 0),
(1251, 'STD-1251', 171810353, 'Siti Senja Amanah', 'P', 80, 0),
(1252, 'STD-1252', 171810354, 'Suraeza', 'P', 80, 0),
(1253, 'STD-1253', 171810355, 'Tri Selawati Agustina', 'P', 80, 0),
(1254, 'STD-1254', 171810356, 'Waryati', 'P', 80, 0),
(1255, 'STD-1255', 171810357, 'Anis Iswanti', 'P', 81, 0),
(1256, 'STD-1256', 171810358, 'Atika', 'P', 81, 0),
(1257, 'STD-1257', 171810359, 'Bayu Walrahmat', 'L', 81, 0),
(1258, 'STD-1258', 171810360, 'Diah Meli Amalia', 'P', 81, 0),
(1259, 'STD-1259', 171810361, 'Dian Savitri', 'P', 81, 0),
(1260, 'STD-1260', 171810362, 'Dinda Dwi Prastiyani', 'P', 81, 0),
(1261, 'STD-1261', 171810363, 'Dinda Nurazizah', 'P', 81, 0),
(1262, 'STD-1262', 171810364, 'Dita Dwi Kalista', 'P', 81, 0),
(1263, 'STD-1263', 171810365, 'Eka Wulandari', 'P', 81, 0),
(1264, 'STD-1264', 171810366, 'Eka Wulansari', 'P', 81, 0),
(1265, 'STD-1265', 171810367, 'Elis Sulistiyani', 'P', 81, 0),
(1266, 'STD-1266', 171810368, 'Fauziyyah Putri Pratiwi', 'P', 81, 0),
(1267, 'STD-1267', 171810369, 'Hera Hernita', 'P', 81, 0),
(1268, 'STD-1268', 171810370, 'Intania Rahma Dita', 'P', 81, 0),
(1269, 'STD-1269', 171810371, 'Irma Fitriana', 'P', 81, 0),
(1270, 'STD-1270', 171810372, 'Lisa Trisnawati', 'P', 81, 0),
(1271, 'STD-1271', 171810373, 'Maulidia', 'P', 81, 0),
(1272, 'STD-1272', 171810374, 'Maulidina Ayu Kencana', 'P', 81, 0),
(1273, 'STD-1273', 171810375, 'Mayya Indah Qori\'ah', 'P', 81, 0),
(1274, 'STD-1274', 171810376, 'Nabilah Nurul Jannah', 'P', 81, 0),
(1275, 'STD-1275', 171810377, 'Neneng Rahayu', 'P', 81, 0),
(1276, 'STD-1276', 171810378, 'Noviana Putri Utami', 'P', 81, 0),
(1277, 'STD-1277', 171810379, 'Nur Hayani', 'P', 81, 0),
(1278, 'STD-1278', 171810380, 'Nurharyanti', 'P', 81, 0),
(1279, 'STD-1279', 171810381, 'Nurul Khoirunisa', 'P', 81, 0),
(1280, 'STD-1280', 171810383, 'Rindiani', 'P', 81, 0),
(1281, 'STD-1281', 171810384, 'Riski Setiadi', 'L', 81, 0),
(1282, 'STD-1282', 171810385, 'Riyani', 'P', 81, 0),
(1283, 'STD-1283', 171810386, 'Sapitri', 'P', 81, 0),
(1284, 'STD-1284', 171810387, 'Shelin Nandita Silva', 'P', 81, 0),
(1285, 'STD-1285', 171810388, 'Sisan Cantika', 'P', 81, 0),
(1286, 'STD-1286', 171810389, 'Siti Rahmawati', 'P', 81, 0),
(1287, 'STD-1287', 171810390, 'Sugiarti', 'P', 81, 0),
(1288, 'STD-1288', 171810391, 'Sylvia Anggraeni', 'P', 81, 0),
(1289, 'STD-1289', 171810392, 'Vina Amelia', 'P', 81, 0),
(1290, 'STD-1290', 171810141, 'Ayu Setia Romadhon', 'P', 82, 0),
(1291, 'STD-1291', 171810142, 'Dela Pratama', 'P', 82, 0),
(1292, 'STD-1292', 171810143, 'Diah Sukmawati', 'P', 82, 0),
(1293, 'STD-1293', 171810145, 'Endang Lisdianah', 'P', 82, 0),
(1294, 'STD-1294', 171810146, 'Eriska', 'P', 82, 0),
(1295, 'STD-1295', 171810147, 'Erna Rosyda', 'P', 82, 0),
(1296, 'STD-1296', 171810148, 'Fauziah Nur Agustin', 'P', 82, 0),
(1297, 'STD-1297', 171810149, 'Fikriyyah Adilah', 'P', 82, 0),
(1298, 'STD-1298', 171810150, 'Fina Sulistia Ningrum', 'P', 82, 0),
(1299, 'STD-1299', 171810151, 'Fitriatul Umamah', 'P', 82, 0),
(1300, 'STD-1300', 171810152, 'Fitroh Aep', 'L', 82, 0),
(1301, 'STD-1301', 171810153, 'Fuji Kirani', 'P', 82, 0),
(1302, 'STD-1302', 171810154, 'Halimatus Sa\'diyah', 'P', 82, 0),
(1303, 'STD-1303', 171810155, 'Hany Ismayanti', 'P', 82, 0),
(1304, 'STD-1304', 171810156, 'Iis Lidiya', 'P', 82, 0),
(1305, 'STD-1305', 171810157, 'Indah Lestari', 'P', 82, 0),
(1306, 'STD-1306', 171810158, 'Indah Yuliani', 'P', 82, 0),
(1307, 'STD-1307', 171810159, 'Intan Nur Aisyah', 'P', 82, 0),
(1308, 'STD-1308', 171810160, 'Itsbaatul Ilmi', 'P', 82, 0),
(1309, 'STD-1309', 171810161, 'Lintang Viany', 'P', 82, 0),
(1310, 'STD-1310', 171810162, 'M. Dimas Prayogi', 'L', 82, 0),
(1311, 'STD-1311', 171810163, 'Meri Tania', 'P', 82, 0),
(1312, 'STD-1312', 171810165, 'Mustahidin', 'L', 82, 0),
(1313, 'STD-1313', 171810166, 'Nila Nurmalia', 'P', 82, 0),
(1314, 'STD-1314', 171810167, 'Nurhasanah', 'P', 82, 0),
(1315, 'STD-1315', 171810168, 'Putri Novariani', 'P', 82, 0),
(1316, 'STD-1316', 171810169, 'R. Titik Lestari', 'P', 82, 0),
(1317, 'STD-1317', 171810170, 'Rizal Fauzi', 'L', 82, 0),
(1318, 'STD-1318', 171810171, 'Shelya Ayudha', 'P', 82, 0),
(1319, 'STD-1319', 171810172, 'Siti Barokah', 'P', 82, 0),
(1320, 'STD-1320', 171810173, 'Suci Kintani Izzumi Setiawan', 'P', 82, 0),
(1321, 'STD-1321', 171810174, 'Syifaa Shuduri', 'P', 82, 0),
(1322, 'STD-1322', 171810175, 'Tiara Mahanena', 'P', 82, 0),
(1323, 'STD-1323', 171810176, 'Winstin Oktoviyana', 'P', 82, 0),
(1324, 'STD-1324', 171810177, 'Adela Putri', 'P', 83, 0),
(1325, 'STD-1325', 171810178, 'Alamsyah', 'L', 83, 0),
(1326, 'STD-1326', 171810179, 'Ani Neriska', 'P', 83, 0),
(1327, 'STD-1327', 171810180, 'Asiska Ashari', 'P', 83, 0),
(1328, 'STD-1328', 171810181, 'Bagus Firmansyah', 'L', 83, 0),
(1329, 'STD-1329', 171810182, 'Cici Nonci', 'P', 83, 0),
(1330, 'STD-1330', 171810183, 'Della Andini', 'P', 83, 0),
(1331, 'STD-1331', 171810184, 'Diani Putri Ramadhanty', 'P', 83, 0),
(1332, 'STD-1332', 171810185, 'Elga Fayola', 'P', 83, 0),
(1333, 'STD-1333', 171810186, 'Endang Nurzanah', 'P', 83, 0),
(1334, 'STD-1334', 171810187, 'Eri Ardiyansah', 'L', 83, 0),
(1335, 'STD-1335', 171810188, 'Fajar Febrianto', 'L', 83, 0),
(1336, 'STD-1336', 171810189, 'Gheta Nindy Aulia', 'P', 83, 0),
(1337, 'STD-1337', 171810190, 'Ike Italia', 'P', 83, 0),
(1338, 'STD-1338', 171810191, 'Intan Mu\'awiyah', 'P', 83, 0),
(1339, 'STD-1339', 171810192, 'Intan Thoifah', 'P', 83, 0),
(1340, 'STD-1340', 171810193, 'Kholifatul Laila', 'P', 83, 0),
(1341, 'STD-1341', 171810194, 'Kisna Wahyu Wibowo', 'L', 83, 0),
(1342, 'STD-1342', 171810195, 'Meli Nurasih', 'P', 83, 0),
(1343, 'STD-1343', 171810196, 'Meyfa Dwi Hana Anindya', 'P', 83, 0),
(1344, 'STD-1344', 171810197, 'Muhammad Fajar Rizki D', 'L', 83, 0),
(1345, 'STD-1345', 171810198, 'Mustika Cahyani', 'P', 83, 0),
(1346, 'STD-1346', 171810199, 'Nur Alifah', 'P', 83, 0),
(1347, 'STD-1347', 171810200, 'Nur Apriani Solihah', 'P', 83, 0),
(1348, 'STD-1348', 171810201, 'Nurfajriyah', 'P', 83, 0),
(1349, 'STD-1349', 171810202, 'Nurul Fadila', 'P', 83, 0),
(1350, 'STD-1350', 171810203, 'Nurul Ilmi Lestari', 'P', 83, 0),
(1351, 'STD-1351', 171810205, 'Regina Wibawanti', 'P', 83, 0),
(1352, 'STD-1352', 171810206, 'Regita Octaviani', 'P', 83, 0),
(1353, 'STD-1353', 171810207, 'Serli Indriani', 'P', 83, 0),
(1354, 'STD-1354', 171810208, 'Shaffanessa Alivia Azzahra', 'P', 83, 0),
(1355, 'STD-1355', 171810209, 'Siti Fatimah', 'P', 83, 0),
(1356, 'STD-1356', 171810210, 'Suci Fatihah', 'P', 83, 0),
(1357, 'STD-1357', 171810211, 'Sugianto', 'L', 83, 0),
(1358, 'STD-1358', 171810212, 'Tanti Purnama Sari', 'P', 83, 0),
(1359, 'STD-1359', 171810213, 'Adinda Salsa Bila', 'P', 84, 0),
(1360, 'STD-1360', 171810214, 'Aji Sudrajat', 'L', 84, 0),
(1361, 'STD-1361', 171810215, 'Alya Regina', 'P', 84, 0),
(1362, 'STD-1362', 171810216, 'Ariel Harlyanti', 'P', 84, 0),
(1363, 'STD-1363', 171810217, 'Deva Nanda Shafira', 'P', 84, 0),
(1364, 'STD-1364', 171810218, 'Dien Puspa Ariani', 'P', 84, 0),
(1365, 'STD-1365', 171810219, 'Dita Silvia', 'P', 84, 0),
(1366, 'STD-1366', 171810220, 'Elina', 'P', 84, 0),
(1367, 'STD-1367', 171810221, 'Endang Ayu Lestari', 'P', 84, 0),
(1368, 'STD-1368', 171810222, 'Faiz Nawawi', 'L', 84, 0),
(1369, 'STD-1369', 171810223, 'Haris Ardiansyah', 'L', 84, 0),
(1370, 'STD-1370', 171810224, 'Imam Maulana', 'L', 84, 0),
(1371, 'STD-1371', 171810225, 'Ismi Rokhmah', 'P', 84, 0),
(1372, 'STD-1372', 171810226, 'Mega Safitri', 'P', 84, 0),
(1373, 'STD-1373', 171810227, 'Melia Saroh', 'P', 84, 0),
(1374, 'STD-1374', 171810228, 'Misriya', 'P', 84, 0),
(1375, 'STD-1375', 171810229, 'Mugi Setianingsih', 'P', 84, 0),
(1376, 'STD-1376', 171810230, 'Muhamad Rendi', 'L', 84, 0),
(1377, 'STD-1377', 171810231, 'Muhammad Rizky Pratama', 'L', 84, 0),
(1378, 'STD-1378', 171810232, 'Nadia Syachrani', 'P', 84, 0),
(1379, 'STD-1379', 171810233, 'Naghifari Abdullah', 'L', 84, 0),
(1380, 'STD-1380', 171810234, 'Ninda Nooriska', 'P', 84, 0),
(1381, 'STD-1381', 171810235, 'Nur Adila Sari', 'P', 84, 0),
(1382, 'STD-1382', 171810236, 'Nur Komariah', 'P', 84, 0),
(1383, 'STD-1383', 171810237, 'Putri Ayu Lestari', 'P', 84, 0),
(1384, 'STD-1384', 171810238, 'Rani Putri Jufanta', 'P', 84, 0),
(1385, 'STD-1385', 171810239, 'Risma Febiyanti', 'P', 84, 0),
(1386, 'STD-1386', 171810240, 'Rizki Akbarianto Binas S', 'L', 84, 0),
(1387, 'STD-1387', 171810241, 'Rohmawati', 'P', 84, 0),
(1388, 'STD-1388', 171810244, 'Sinta Maryani', 'P', 84, 0),
(1389, 'STD-1389', 171810245, 'Siti Maemunah', 'P', 84, 0),
(1390, 'STD-1390', 171810246, 'Siti Nurliyani', 'P', 84, 0),
(1391, 'STD-1391', 171810247, 'Siyami', 'P', 84, 0),
(1392, 'STD-1392', 171810248, 'Ulissa\'diyah', 'P', 84, 0),
(1393, 'STD-1393', 181911527, 'Cindy Hanifah', 'P', 84, 0),
(1394, 'STD-1394', 171810393, 'Ardi Julianto', 'L', 87, 0),
(1395, 'STD-1395', 171810394, 'Auliya Octaviani Rahma', 'P', 87, 0),
(1396, 'STD-1396', 171810395, 'Baqiatu Sholeha', 'P', 87, 0),
(1397, 'STD-1397', 171810396, 'Bayu Sembada', 'L', 87, 0),
(1398, 'STD-1398', 171810397, 'Debi Melinda', 'P', 87, 0),
(1399, 'STD-1399', 171810398, 'Dikri Samsul Awwabin', 'L', 87, 0),
(1400, 'STD-1400', 171810399, 'Delta Septianita', 'P', 87, 0),
(1401, 'STD-1401', 171810400, 'Devi Alfiana', 'P', 87, 0),
(1402, 'STD-1402', 171810401, 'Diva Azzahra', 'P', 87, 0),
(1403, 'STD-1403', 171810402, 'Elsa Chrysantika', 'P', 87, 0),
(1404, 'STD-1404', 171810403, 'Fanni Rahmasari', 'P', 87, 0),
(1405, 'STD-1405', 171810404, 'Farrah Saufika Windyanti', 'P', 87, 0),
(1406, 'STD-1406', 171810405, 'Fitriani', 'P', 87, 0),
(1407, 'STD-1407', 171810406, 'Fitriyani Tiarawati', 'P', 87, 0),
(1408, 'STD-1408', 171810407, 'Gina Nuramalia', 'P', 87, 0),
(1409, 'STD-1409', 171810408, 'Lilis', 'P', 87, 0),
(1410, 'STD-1410', 171810409, 'Lusi', 'P', 87, 0),
(1411, 'STD-1411', 171810410, 'Mochamad Farhan', 'L', 87, 0),
(1412, 'STD-1412', 171810412, 'Nabila Dea Amandari', 'P', 87, 0),
(1413, 'STD-1413', 171810413, 'Novi Nianita', 'P', 87, 0),
(1414, 'STD-1414', 171810414, 'Nurul Aeni', 'P', 87, 0),
(1415, 'STD-1415', 171810415, 'Ogi Prioga', 'L', 87, 0),
(1416, 'STD-1416', 171810416, 'Permana', 'L', 87, 0),
(1417, 'STD-1417', 171810417, 'Pipit Fitriani', 'P', 87, 0),
(1418, 'STD-1418', 171810418, 'Revina Syafa Ragilia', 'P', 87, 0),
(1419, 'STD-1419', 171810419, 'Rosdiana', 'P', 87, 0),
(1420, 'STD-1420', 171810420, 'Shelomita Hersa Susanto P', 'P', 87, 0),
(1421, 'STD-1421', 171810421, 'Seproziq', 'L', 87, 0),
(1422, 'STD-1422', 171810422, 'Sonia Ismi Oktavianingsih', 'P', 87, 0),
(1423, 'STD-1423', 171810423, 'Sri Mulyati', 'P', 87, 0),
(1424, 'STD-1424', 171810424, 'Suhari', 'L', 87, 0),
(1425, 'STD-1425', 171810425, 'Teddy Riswandi', 'L', 87, 0),
(1426, 'STD-1426', 171810426, 'Tesar Hardiyanto', 'L', 87, 0),
(1427, 'STD-1427', 171810427, 'Tiara Augustine', 'P', 87, 0),
(1428, 'STD-1428', 171810428, 'Wiwi Sheba Dewi', 'P', 87, 0),
(1429, 'STD-1429', 171810429, 'Alfiyani', 'P', 88, 0),
(1430, 'STD-1430', 171810430, 'Ami', 'P', 88, 0),
(1431, 'STD-1431', 171810431, 'Anisa Carolina', 'P', 88, 0),
(1432, 'STD-1432', 171810432, 'Anita Rosdiani', 'P', 88, 0),
(1433, 'STD-1433', 171810433, 'Ayuni Rosyidah', 'P', 88, 0),
(1434, 'STD-1434', 171810434, 'Bayu Dermawan', 'L', 88, 0),
(1435, 'STD-1435', 171810435, 'Dena Nasution', 'P', 88, 0),
(1436, 'STD-1436', 171810436, 'Difa Sekar Kenanga', 'P', 88, 0),
(1437, 'STD-1437', 171810437, 'Endah Arista', 'P', 88, 0),
(1438, 'STD-1438', 171810438, 'Ilham Septianto', 'L', 88, 0),
(1439, 'STD-1439', 171810439, 'Indra Yoga Prasetia', 'L', 88, 0),
(1440, 'STD-1440', 171810440, 'Kencana Sari', 'P', 88, 0),
(1441, 'STD-1441', 171810441, 'Khofifah', 'P', 88, 0),
(1442, 'STD-1442', 171810442, 'Kiki Kharisma', 'P', 88, 0),
(1443, 'STD-1443', 171810443, 'Lusyan Febrias Sabilla', 'P', 88, 0),
(1444, 'STD-1444', 171810444, 'Maria', 'P', 88, 0),
(1445, 'STD-1445', 171810445, 'Maulydia Ning Sa\'ada', 'P', 88, 0),
(1446, 'STD-1446', 171810446, 'Mega Lestari', 'P', 88, 0),
(1447, 'STD-1447', 171810447, 'Meilan Helmalia Putri', 'P', 88, 0),
(1448, 'STD-1448', 171810448, 'Melisa Indriyani', 'P', 88, 0),
(1449, 'STD-1449', 171810449, 'Mergina', 'P', 88, 0),
(1450, 'STD-1450', 171810450, 'Muhammad Syahrun M', 'L', 88, 0),
(1451, 'STD-1451', 171810451, 'Novitasari', 'P', 88, 0),
(1452, 'STD-1452', 171810452, 'Nur Aulia', 'P', 88, 0),
(1453, 'STD-1453', 171810453, 'Nur Aisyah', 'P', 88, 0),
(1454, 'STD-1454', 171810454, 'Nurul Fadilah', 'P', 88, 0),
(1455, 'STD-1455', 171810455, 'Nurul Kasanah', 'P', 88, 0),
(1456, 'STD-1456', 171810457, 'Risnayanti', 'P', 88, 0),
(1457, 'STD-1457', 171810458, 'Rikhana', 'P', 88, 0),
(1458, 'STD-1458', 171810459, 'Silvia', 'P', 88, 0),
(1459, 'STD-1459', 171810460, 'Siti Amanah', 'P', 88, 0),
(1460, 'STD-1460', 171810461, 'Siti Ayu Ningsih', 'P', 88, 0),
(1461, 'STD-1461', 171810462, 'Sri Hartati', 'P', 88, 0),
(1462, 'STD-1462', 171810463, 'Yassirly', 'P', 88, 0),
(1463, 'STD-1463', 171810464, 'Ahmad Satrio', 'L', 89, 0),
(1464, 'STD-1464', 171810465, 'Asep Firmansah', 'L', 89, 0),
(1465, 'STD-1465', 171810466, 'Bagas Bastian Munardinata', 'L', 89, 0),
(1466, 'STD-1466', 171810467, 'Dina Lestari', 'P', 89, 0),
(1467, 'STD-1467', 171810468, 'Ega Triyana', 'P', 89, 0),
(1468, 'STD-1468', 171810469, 'Farah Puspita Ayu', 'P', 89, 0),
(1469, 'STD-1469', 171810470, 'Fazriyah', 'P', 89, 0),
(1470, 'STD-1470', 171810471, 'Ibnu Darojat', 'L', 89, 0),
(1471, 'STD-1471', 171810473, 'Intan Wahyuni', 'P', 89, 0),
(1472, 'STD-1472', 171810474, 'Iri Subhani Safitri', 'P', 89, 0),
(1473, 'STD-1473', 171810475, 'Iska Egi Lutfi', 'P', 89, 0),
(1474, 'STD-1474', 171810476, 'Jasmine Naidawimala', 'P', 89, 0),
(1475, 'STD-1475', 171810477, 'Komala Sari', 'P', 89, 0),
(1476, 'STD-1476', 171810478, 'Lisa Nabila', 'P', 89, 0),
(1477, 'STD-1477', 171810479, 'Lista Saputri', 'P', 89, 0),
(1478, 'STD-1478', 171810480, 'Luqman Suwandi', 'L', 89, 0),
(1479, 'STD-1479', 171810481, 'Mira Yuli', 'P', 89, 0),
(1480, 'STD-1480', 171810482, 'Monica', 'P', 89, 0),
(1481, 'STD-1481', 171810483, 'Nabilla Oktaviara', 'P', 89, 0),
(1482, 'STD-1482', 171810484, 'Nihayatus Sa\'adah', 'P', 89, 0),
(1483, 'STD-1483', 171810485, 'Niken Anis Maghfiroh', 'P', 89, 0),
(1484, 'STD-1484', 171810486, 'Nur Aeni', 'P', 89, 0),
(1485, 'STD-1485', 171810487, 'Nur Afifah', 'P', 89, 0),
(1486, 'STD-1486', 171810488, 'Nur Kholisah', 'P', 89, 0),
(1487, 'STD-1487', 171810489, 'Nurhalimah', 'P', 89, 0),
(1488, 'STD-1488', 171810490, 'Putri Setiawati', 'P', 89, 0),
(1489, 'STD-1489', 171810491, 'Ratu Anggin Dewi Fortuna', 'P', 89, 0),
(1490, 'STD-1490', 171810492, 'Ratu Salya Azriani Kurnia', 'P', 89, 0),
(1491, 'STD-1491', 171810493, 'Resa Uni Natulisiya', 'P', 89, 0),
(1492, 'STD-1492', 171810494, 'Reza Septi Maulana', 'L', 89, 0),
(1493, 'STD-1493', 171810495, 'Rustiya', 'P', 89, 0),
(1494, 'STD-1494', 171810496, 'Sheren Fadilha Anastasya', 'P', 89, 0),
(1495, 'STD-1495', 171810497, 'Vina Oktaviani', 'P', 89, 0),
(1496, 'STD-1496', 171810498, 'Widiyawati', 'P', 89, 0),
(1497, 'STD-1497', 171810499, 'Agri Ergianto Prasetya', 'L', 90, 0),
(1498, 'STD-1498', 171810500, 'Aldi Noer Rachman', 'L', 90, 0),
(1499, 'STD-1499', 171810501, 'Arumsari', 'P', 90, 0),
(1500, 'STD-1500', 171810502, 'Desi Arlina', 'P', 90, 0),
(1501, 'STD-1501', 171810503, 'Dewi Melinda Fitri', 'P', 90, 0),
(1502, 'STD-1502', 171810504, 'Diva Sekar Ayu', 'P', 90, 0),
(1503, 'STD-1503', 171810505, 'Farah Khosrafi', 'P', 90, 0),
(1504, 'STD-1504', 171810506, 'Fifit Trilita', 'P', 90, 0),
(1505, 'STD-1505', 171810507, 'Fika Fatmala', 'P', 90, 0),
(1506, 'STD-1506', 171810508, 'Fitriyah Mardhotillah', 'P', 90, 0),
(1507, 'STD-1507', 171810509, 'Gita Syafira Setiady', 'P', 90, 0),
(1508, 'STD-1508', 171810510, 'Ismi Fatikha', 'P', 90, 0),
(1509, 'STD-1509', 171810511, 'Ismianti Dwi Oktavia', 'P', 90, 0),
(1510, 'STD-1510', 171810512, 'Karneli', 'P', 90, 0),
(1511, 'STD-1511', 171810513, 'Kartini', 'P', 90, 0),
(1512, 'STD-1512', 171810514, 'Krisyanto', 'L', 90, 0),
(1513, 'STD-1513', 171810515, 'Linda Ristiani', 'P', 90, 0),
(1514, 'STD-1514', 171810516, 'Lisa Haryani', 'P', 90, 0),
(1515, 'STD-1515', 171810517, 'May Indah Lestari', 'P', 90, 0),
(1516, 'STD-1516', 171810518, 'Mohamad Gibran Alfariz', 'L', 90, 0),
(1517, 'STD-1517', 171810519, 'Nadia Nur Rahmadani', 'P', 90, 0),
(1518, 'STD-1518', 171810520, 'Nora Fiana', 'P', 90, 0),
(1519, 'STD-1519', 171810521, 'Novia Rahmawati', 'P', 90, 0),
(1520, 'STD-1520', 171810522, 'Nur Fajrina', 'P', 90, 0),
(1521, 'STD-1521', 171810523, 'Nurul Innayah', 'P', 90, 0),
(1522, 'STD-1522', 171810524, 'Rosana Septiani', 'P', 90, 0),
(1523, 'STD-1523', 171810525, 'Rosi Triyana', 'P', 90, 0),
(1524, 'STD-1524', 171810526, 'Ryanto', 'L', 90, 0),
(1525, 'STD-1525', 171810527, 'Sekar Dwi Pertiwi', 'P', 90, 0),
(1526, 'STD-1526', 171810528, 'Sella Apriyani', 'P', 90, 0),
(1527, 'STD-1527', 171810529, 'Sely', 'P', 90, 0),
(1528, 'STD-1528', 171810530, 'Silviana Fitri', 'P', 90, 0),
(1529, 'STD-1529', 171810531, 'Siti Khuraesin', 'P', 90, 0),
(1530, 'STD-1530', 171810532, 'Siti Nurkhodijah', 'P', 90, 0),
(1531, 'STD-1531', 171810533, 'Stevie Olivia Putri', 'P', 90, 0),
(1532, 'STD-1532', 171810534, 'Zahra Aqna Tristania', 'P', 90, 0);

-- --------------------------------------------------------

--
-- Table structure for table `users`
--

CREATE TABLE `users` (
  `id` int NOT NULL,
  `username` varchar(30) NOT NULL,
  `password` varchar(255) NOT NULL,
  `fullname` varchar(150) NOT NULL,
  `level` tinyint NOT NULL
) ENGINE=InnoDB DEFAULT CHARSET=latin1;

--
-- Dumping data for table `users`
--

INSERT INTO `users` (`id`, `username`, `password`, `fullname`, `level`) VALUES
(1, 'admin', '$2y$10$vWcfwmqdTkNBiZvokdc05OE6Upvp29ltHTFmr1iEN990m0V3j9US6', 'Ahmad Hanafi', 1),
(2, 'harda', '$2y$10$eig3TwyCXvFmoU9AHwa/EeHoKsAjryT2wk32bmjrtR0Z81IU1BBDK', 'Harda', 1),
(3, 'sobirin', '$2y$10$k5iqAHLFXDVnjWkJnKNQi.d3RECskgE555UI/OZx1zhuiLKw1YfjC', 'Sobirin', 2);

--
-- Indexes for dumped tables
--

--
-- Indexes for table `aspek_penilaian`
--
ALTER TABLE `aspek_penilaian`
  ADD PRIMARY KEY (`id`);

--
-- Indexes for table `guru`
--
ALTER TABLE `guru`
  ADD PRIMARY KEY (`id`),
  ADD UNIQUE KEY `nomor_induk` (`kode`);

--
-- Indexes for table `guru_mapel`
--
ALTER TABLE `guru_mapel`
  ADD PRIMARY KEY (`id`),
  ADD KEY `id_kelas` (`id_kelas`),
  ADD KEY `kode_guru` (`kode_guru`),
  ADD KEY `kode_mapel` (`kode_mapel`);

--
-- Indexes for table `kelas`
--
ALTER TABLE `kelas`
  ADD PRIMARY KEY (`id`),
  ADD UNIQUE KEY `nama_kelas` (`nama_kelas`);

--
-- Indexes for table `kelas_ajar`
--
ALTER TABLE `kelas_ajar`
  ADD PRIMARY KEY (`id`),
  ADD KEY `id_kelas` (`id_kelas`),
  ADD KEY `kode_guru` (`kode_guru`);

--
-- Indexes for table `mata_pelajaran`
--
ALTER TABLE `mata_pelajaran`
  ADD PRIMARY KEY (`id`),
  ADD UNIQUE KEY `kode` (`kode`);

--
-- Indexes for table `pengaturan`
--
ALTER TABLE `pengaturan`
  ADD PRIMARY KEY (`id`);

--
-- Indexes for table `penilaian`
--
ALTER TABLE `penilaian`
  ADD PRIMARY KEY (`id`),
  ADD KEY `kode_guru` (`kode_guru`),
  ADD KEY `id_aspek_pn` (`id_aspek_pn`),
  ADD KEY `kode_siswa` (`kode_siswa`);

--
-- Indexes for table `siswa`
--
ALTER TABLE `siswa`
  ADD PRIMARY KEY (`id`),
  ADD UNIQUE KEY `kode` (`kode`),
  ADD UNIQUE KEY `nis` (`nis`),
  ADD KEY `id_kelas` (`id_kelas`);

--
-- Indexes for table `users`
--
ALTER TABLE `users`
  ADD PRIMARY KEY (`id`),
  ADD UNIQUE KEY `username` (`username`);

--
-- AUTO_INCREMENT for dumped tables
--

--
-- AUTO_INCREMENT for table `aspek_penilaian`
--
ALTER TABLE `aspek_penilaian`
  MODIFY `id` int NOT NULL AUTO_INCREMENT, AUTO_INCREMENT=12;

--
-- AUTO_INCREMENT for table `guru`
--
ALTER TABLE `guru`
  MODIFY `id` int NOT NULL AUTO_INCREMENT, AUTO_INCREMENT=97;

--
-- AUTO_INCREMENT for table `guru_mapel`
--
ALTER TABLE `guru_mapel`
  MODIFY `id` int NOT NULL AUTO_INCREMENT, AUTO_INCREMENT=634;

--
-- AUTO_INCREMENT for table `kelas`
--
ALTER TABLE `kelas`
  MODIFY `id` int NOT NULL AUTO_INCREMENT, AUTO_INCREMENT=93;

--
-- AUTO_INCREMENT for table `kelas_ajar`
--
ALTER TABLE `kelas_ajar`
  MODIFY `id` int NOT NULL AUTO_INCREMENT, AUTO_INCREMENT=3;

--
-- AUTO_INCREMENT for table `mata_pelajaran`
--
ALTER TABLE `mata_pelajaran`
  MODIFY `id` int NOT NULL AUTO_INCREMENT, AUTO_INCREMENT=62;

--
-- AUTO_INCREMENT for table `pengaturan`
--
ALTER TABLE `pengaturan`
  MODIFY `id` int NOT NULL AUTO_INCREMENT, AUTO_INCREMENT=2;

--
-- AUTO_INCREMENT for table `penilaian`
--
ALTER TABLE `penilaian`
  MODIFY `id` int NOT NULL AUTO_INCREMENT, AUTO_INCREMENT=217;

--
-- AUTO_INCREMENT for table `siswa`
--
ALTER TABLE `siswa`
  MODIFY `id` int NOT NULL AUTO_INCREMENT, AUTO_INCREMENT=1533;

--
-- AUTO_INCREMENT for table `users`
--
ALTER TABLE `users`
  MODIFY `id` int NOT NULL AUTO_INCREMENT, AUTO_INCREMENT=4;

--
-- Constraints for dumped tables
--

--
-- Constraints for table `guru_mapel`
--
ALTER TABLE `guru_mapel`
  ADD CONSTRAINT `guru_mapel_ibfk_1` FOREIGN KEY (`id_kelas`) REFERENCES `kelas` (`id`) ON DELETE CASCADE ON UPDATE CASCADE,
  ADD CONSTRAINT `guru_mapel_ibfk_2` FOREIGN KEY (`kode_guru`) REFERENCES `guru` (`kode`) ON DELETE CASCADE ON UPDATE CASCADE,
  ADD CONSTRAINT `guru_mapel_ibfk_3` FOREIGN KEY (`kode_mapel`) REFERENCES `mata_pelajaran` (`kode`) ON DELETE CASCADE ON UPDATE CASCADE;
COMMIT;

/*!40101 SET CHARACTER_SET_CLIENT=@OLD_CHARACTER_SET_CLIENT */;
/*!40101 SET CHARACTER_SET_RESULTS=@OLD_CHARACTER_SET_RESULTS */;
/*!40101 SET COLLATION_CONNECTION=@OLD_COLLATION_CONNECTION */;
